,영화 이름,이미지 링크,이미지 이름,영화 코드,영화 정보,상영타입,주연배우
0,아티스트 봉만대,https://www.kobis.or.kr/common/mast/movie/2013/08/2c437877699f419cb74cf57affe85c4b.jpg,아티스트 봉만대.jpg,20131206,장편 | 일반영화 | 코미디 | 101분 31초 | 청소년관람불가 | 한국,"필름,2D",[주연] 봉만대 | 곽현화 | 성은 | 이파니
1,아노말리사,https://www.kobis.or.kr/common/mast/movie/2016/02/67c319c78b904a63bb7a27152913b7c8.jpg,아노말리사.jpg,20162042,"장편 | 예술영화 | 애니메이션, 코미디, 판타지 | 90분 30초 | 청소년관람불가 | 미국",2D,[주연] 데이빗 듈리스(마이클 목소리) | 제니퍼 제이슨 리(리사 목소리) | 톰 누난
2,해피 어게인,https://www.kobis.or.kr/common/mast/movie/2018/02/bd64f67f5323450295a0fa0746ffbc89.jpg,해피 어게인.jpg,20176071,장편 | 예술영화 | 드라마 | 99분 38초 | 15세이상관람가 | 미국,2D,[주연] J.K. 시몬스 | 줄리 델피 | 조쉬 위긴스 | 오데야 러쉬
3,중2병이라도 사랑이 하고 싶어! 극장판,https://www.kobis.or.kr/common/mast/movie/2014/03/6789469e10ea4ffa9586e78d663a9337.jpg,중2병이라도 사랑이 하고 싶어! 극장판.jpg,20147379,"장편 | 예술영화 | 애니메이션, 멜로/로맨스 | 96분 23초 | 전체관람가 | 일본","필름,2D",[주연] 안현서(타카나시 릿카) | 우치다 마아야(타카나시 릿카)
4,테레즈 라캥,https://www.kobis.or.kr/common/mast/movie/2014/06/c9cbaea1d64e4dada2ceb7a06eb19522.jpg,테레즈 라캥.jpg,20149270,"장편 | 예술영화 | 범죄, 드라마, 스릴러 | 106분 36초 | 청소년관람불가 | 미국","필름,2D",[주연] 엘리자베스 올슨 | 오스카 아이삭 | 톰 펠튼 | 제시카 랭
5,킹 오브 프리즘 –샤이니 세븐 스타즈- IV 루이x신x언노운,https://www.kobis.or.kr/common/mast/movie/2019/05/128ca13a1f954e60b55bed246dc927fd.jpg,킹 오브 프리즘 –샤이니 세븐 스타즈- IV 루이x신x언노운.jpg,20191844,장편 | 일반영화 | 애니메이션 | 69분 58초 | 15세이상관람가 | 일본,2D,
6,체크 히어로,https://www.kobis.or.kr/common/mast/movie/2019/10/3dc8d0ac3675400aaea0fff8734320e3.jpg,체크 히어로.jpg,20197394,"장편 | 예술영화 | 애니메이션, 액션, 어드벤처 | 75분 9초 | 전체관람가 | 덴마크",2D,[주연] 이다은(알렉스 목소리) | 남도형(체크 히어로 목소리)
7,자객 섭은낭,https://www.kobis.or.kr/common/mast/movie/2016/01/f53877a878934f8b8bf2b8959fc3a62b.jpg,자객 섭은낭.jpg,20154902,"장편 | 예술영화 | 사극, 액션 | 105분 33초 | 12세이상관람가 | 대만",2D,[주연] 서기 | 장첸 | 츠마부키 사토시
8,네이든,https://www.kobis.or.kr/common/mast/movie/2015/06/1901d27f54de4972b08c9779f1aa820d.jpg,네이든.jpg,20159901,장편 | 예술영화 | 드라마 | 111분 20초 | 12세이상관람가 | 영국,"필름,2D",[주연] 에이사 버터필드 | 샐리 호킨스 | 라프 스팰
9,뷰티풀 보이,https://www.kobis.or.kr/common/mast/movie/2019/08/696074a0ff244a6394fb8919aaa8a4a4.jpg,뷰티풀 보이.jpg,20195202,장편 | 예술영화 | 드라마 | 120분 51초 | 15세이상관람가 | 미국,2D,[주연] 스티브 카렐 | 티모시 샬라메
10,호스트: 접속금지,https://www.kobis.or.kr/common/mast/movie/2021/07/b673719011d24fe4875960d317ec09c4.jpg,호스트- 접속금지.jpg,20200237,장편 | 예술영화 | 공포(호러) | 58분 33초 | 15세이상관람가 | 영국,2D,[주연] 헤일리 비숍 | 젬마 무어 | 엠마 루이즈 웨브 | 라디나 드란도바 | 캐롤라인 워드 | 실란 백스터
11,프로즌 그라운드,https://www.kobis.or.kr/common/mast/movie/2014/01/045d7a014e034e09a4b3911d9ff941bc.jpg,프로즌 그라운드.jpg,20147407,"장편 | 일반영화 | 스릴러, 범죄 | 90분 0초 | 청소년관람불가 | 미국","필름,2D",[주연] 니콜라스 케이지(잭 할콥) | 존 쿠삭(로버트 한센) | 라다 미첼
12,위로공단,https://www.kobis.or.kr/common/mast/movie/2015/07/7a1191a75a71403e8e3af312a19b49fd.jpg,위로공단.jpg,20141702,장편 | 예술영화 | 다큐멘터리 | 94분 33초 | 15세이상관람가 | 한국,"필름,2D",[주연] 강명자 | 김영미 | 김진숙 | 신순애
13,테이킹 우드스탁,https://www.kobis.or.kr/upload/up_img/cleansing/28/mov_20100728_3.jpg,테이킹 우드스탁.jpg,20100728,"장편 | 예술영화 | 코미디, 드라마 | 120분 0초 | 청소년관람불가 | 미국","필름,2D",[주연] 드미트리 마틴(엘리엇 타이버) | 에밀 허쉬(빌리 ) | 이멜다 스턴톤(소니아 티치버그)
14,호비와 엄마나무섬의 비밀,https://www.kobis.or.kr/common/mast/movie/2015/06/ab6b07453f014246929e9a49dc337921.jpg,호비와 엄마나무섬의 비밀.jpg,20150963,장편 | 예술영화 | 애니메이션 | 61분 3초 | 전체관람가 | 일본,"필름,2D",
15,미스터 터너,https://www.kobis.or.kr/common/mast/movie/2014/12/98fad6c2a87940d2b3c269dfbcf33e8e.jpg,미스터 터너.jpg,20144642,"장편 | 예술영화 | 드라마 | 149분 54초 | 청소년관람불가 | 영국, 프랑스, 독일","필름,2D",[주연] 티모시 스폴 | 폴 제슨 | 도로시 앳킨슨 | 마리온 베일리
16,산이 울다,https://www.kobis.or.kr/common/mast/movie/2016/05/088db281bacc4861a61fc2f7fc07b9ee.jpg,산이 울다.jpg,20161598,"장편 | 예술영화 | 드라마, 멜로/로맨스 | 107분 18초 | 15세이상관람가 | 중국",2D,[주연] 량예팅 | 왕쯔이
17,퍼스트 카우,https://www.kobis.or.kr/common/mast/movie/2021/10/c5496f98a90e4d3f9b90638fe5455332.jpg,퍼스트 카우.jpg,20210302,"장편 | 예술영화 | 드라마, 서부극(웨스턴) | 121분 55초 | 12세이상관람가 | 미국",2D,
18,헤이츠,https://www.kobis.or.kr/common/mast/movie/2012/10/03304e54a2cd414c9eec2ae8a0e99e8c.jpg,헤이츠.jpg,20121641,"장편 | 일반영화 | 스릴러, 공포(호러) | 100분 0초 | 15세이상관람가 | 미국, 캐나다","필름,2D",[주연] 제니퍼 로렌스 | 엘리자베스 슈 | 맥스 티에리옷
19,웨이 다운,https://www.kobis.or.kr/common/mast/movie/2021/02/acbcad07829c449097c255a7cae5c8bd.jpg,웨이 다운.jpg,20216022,"장편 | 일반영화 | 액션, 어드벤처, 범죄 | 117분 48초 | 15세이상관람가 | 스페인",2D,[주연] 프레디 하이모어(톰) | 리암 커닝햄(월터) | 샘 라일리 | 아스트리드 베흐제-프리스베 | 팜케 얀센
20,가나의 혼인잔치: 언약,https://www.kobis.or.kr/common/mast/movie/2020/10/94de0ea812d84926afd04a95717bec5b.jpg,가나의 혼인잔치- 언약.jpg,20209771,"장편 | 일반영화 | 다큐멘터리, 드라마 | 73분 28초 | 전체관람가 | 미국",2D,[특별출연] 장광
21,꼬마비행기 피티와 친구들:사막구출 대작전,https://www.kobis.or.kr/common/mast/movie/2018/10/0f98051c49ae44a1b248c11fc378fecf.png,꼬마비행기 피티와 친구들-사막구출 대작전.jpg,20184514,장편 | 일반영화 | 애니메이션 | 73분 29초 | 전체관람가 | 중국,2D,
22,류이치 사카모토: 코다,https://www.kobis.or.kr/common/mast/movie/2018/06/14213b431d144f04b3b348eb67c2d8b9.jpg,류이치 사카모토- 코다.jpg,20184762,장편 | 예술영화 | 다큐멘터리 | 101분 21초 | 전체관람가 | 일본,2D,[주연] 사카모토 류이치
23,나이팅게일,https://www.kobis.or.kr/common/mast/movie/2020/12/6e3238040621483590539d8016b7116f.jpg,나이팅게일.jpg,20202647,장편 | 예술영화 | 스릴러 | 136분 26초 | 청소년관람불가 | 호주,2D,[주연] 샘 클라플린(호킨스)
24,해길랍,https://www.kobis.or.kr/common/mast/movie/2021/03/2755a7342b7640808cd2fbfbcd564b98.jpg,해길랍.jpg,20214847,장편 | 예술영화 | 멜로/로맨스 | 82분 44초 | 15세이상관람가 | 기타,2D,[주연] 허광한 | 요애녕 | 임의잠
25,극장판 타오르지마 버스터-블랙어썰트의 귀환,https://www.kobis.or.kr/common/mast/movie/2019/11/3255935a92e14083acb375ac890414c2.jpg,극장판 타오르지마 버스터-블랙어썰트의 귀환.jpg,20196405,"장편 | 예술영화 | 코미디, 애니메이션, 액션, 어드벤처 | 73분 15초 | 전체관람가 | 한국",2D,[주연] 홍범기(어썰트/ 시그널 / 헤비 / 메딕안 목소리 역) | 안영미(공대장 / 스나이퍼 목소리 역) | 안효민(레인져 / 서플라이 / 공대왕 목소리 역) | 최낙윤(블랙어썰트 목소리 역) | 강시현(힐러 목소리 역)
26,토니 에드만,https://www.kobis.or.kr/common/mast/movie/2017/02/e23a09325e614023b5c4e1bfa0b2bcbd.jpg,토니 에드만.jpg,20164927,장편 | 예술영화 | 드라마 | 162분 18초 | 청소년관람불가 | 독일,2D,[주연] 산드라 휠러
27,오직 사랑뿐,https://www.kobis.or.kr/common/mast/movie/2018/02/f5e1e0679cc147b6a40be6f0c50e5ba1.jpg,오직 사랑뿐.jpg,20173407,"장편 | 예술영화 | 드라마, 멜로/로맨스 | 110분 53초 | 12세이상관람가 | 영국",2D,[주연] 로자먼드 파이크 | 데이빗 오예로워
28,버티고,https://www.kobis.or.kr/common/mast/movie/2019/10/15b424c9c9154e1b8e224238219c2120.jpg,버티고.jpg,20183407,"장편 | 예술영화 | 드라마, 멜로/로맨스 | 114분 20초 | 15세이상관람가 | 한국",2D,[주연] 천우희(신서영) | 유태오(이진수) | 정재광(서관우)
29,클라라,https://www.kobis.or.kr/upload/up_img/2011/03/mov_5J0A0I_20110302113546_1.jpg,클라라.jpg,20101275,장편 | 예술영화 | 드라마 | 108분 0초 | 15세이상관람가 | 독일,"필름,2D",[주연] 마르티나 게덱(클라라) | 파스칼 그레고리(로버트) | 맬릭 지디
30,헤어드레서,https://www.kobis.or.kr/upload/up_img/2011/07/mov_GI0A8J_20110712091607_1.jpg,헤어드레서.jpg,20110903,"장편 | 예술영화 | 드라마, 코미디 | 106분 0초 | 15세이상관람가 | 독일","필름,2D",[주연] 가브리엘라 마리아 슈메이데
31,해피 홀리데이,https://www.kobis.or.kr/common/mast/movie/2015/04/1a8e784d166442d7bd56b60851bfade8.jpg,해피 홀리데이.jpg,20157223,"장편 | 예술영화 | 코미디, 드라마 | 95분 10초 | 12세이상관람가 | 영국","필름,2D",[주연] 로자먼드 파이크 | 데이비드 테넌트 | 빌리 코놀리
32,피치 퍼펙트,https://www.kobis.or.kr/common/mast/movie/2013/02/5d21eb6f63a74c01aafacb4246ecb956.jpg,피치 퍼펙트.jpg,20135278,"장편 | 일반영화 | 코미디, 멜로/로맨스 | 112분 0초 | 15세이상관람가 | 미국","필름,2D",[주연] 안나 켄드릭(베카) | 스카이라 애스틴(제시) | 브리타니 스노우(클로이)
33,피막,https://www.kobis.or.kr/common/mast/movie/2014/08/dde1f6378dd447c1b952af846d02c781.jpg,피막.jpg,20140186,"장편 | 예술영화 | 코미디, 공포(호러) | 112분 0초 | 12세이상관람가 | 태국","필름,2D",[주연] 마리오 마우러 | 다비카 후네
34,용서,https://www.kobis.or.kr/upload/up_img/2011/01/mov_2J2B6I_20110112150827_1.jpg,용서.jpg,20101211,장편 | 예술영화 | 다큐멘터리 | 93분 0초 | 12세이상관람가 | 한국,"필름,2D",[주연] 오미희
35,와와의 학교 가는 날,https://www.kobis.or.kr/common/mast/movie/2016/10/461f79de2830431c96ba8418eb4c3477.jpg,와와의 학교 가는 날.jpg,20138783,장편 | 예술영화 | 드라마 | 88분 16초 | 전체관람가 | 중국,2D,[주연] 딩지아리 | 아나무랑 | 차오시웬
36,원피스 3D : 밀짚모자 체이스,https://www.kobis.or.kr/common/mast/movie/2012/01/86de945b54fe4b8cbf7cca0322946b5a.jpg,원피스 3D - 밀짚모자 체이스.jpg,20124098,"단편 | 일반영화 | 애니메이션, 어드벤처, 액션 | 31분 0초 | 전체관람가 | 일본","필름,2D,3D",[주연] 타나카 마유미 | 오카무라 아케미 | 강수진 | 김승준
37,터미네이터 2 : 심판의 날 감독판,https://www.kobis.or.kr/common/mast/movie/2013/11/03e49d272a9a41afa870057bffe4a6e8.jpg,터미네이터 2 - 심판의 날 감독판.jpg,19918269,"장편 | 일반영화 | 액션, SF, 스릴러 | 155분 55초 | 15세이상관람가 | 미국","필름,2D",[주연] 아놀드 슈왈제네거(터미네이터) | 린다 해밀턴(사라 코너 ) | 에드워드 펄롱(존 코너)
38,임을 위한 행진곡,https://www.kobis.or.kr/common/mast/movie/2018/04/720443426e7745abb45beec26d50b33d.jpg,임을 위한 행진곡.jpg,20182323,장편 | 예술영화 | 드라마 | 104분 34초 | 15세이상관람가 | 한국,2D,[주연] 김꽃비(희수) | 김부선(명희) | 전수현(철수) | 김채희(과거 명희) | 지대한(정호탁)
39,엔딩스 비기닝스,https://www.kobis.or.kr/common/mast/movie/2020/06/fa15ab956aa64e6780903c05ea243957.jpg,엔딩스 비기닝스.jpg,20209644,"장편 | 예술영화 | 드라마, 멜로/로맨스 | 110분 15초 | 15세이상관람가 | 미국, 한국",2D,[주연] 쉐일린 우들리(다프네) | 제이미 도넌(잭) | 세바스찬 스탠(프랭크)
40,베스트 오브 미,https://www.kobis.or.kr/common/mast/movie/2015/05/55e887d8da0043eeb3650e240f2d8651.jpg,베스트 오브 미.jpg,20150563,"장편 | 일반영화 | 드라마, 멜로/로맨스 | 115분 57초 | 15세이상관람가 | 미국","필름,2D",[주연] 미셸 모나한 | 제임스 마스던 | 라이아나 리버라토 | 루크 브레이시
41,"알로, 슈티",https://www.kobis.or.kr/common/mast/movie/2015/06/4a620898645f4dd9803f31b926d99100.jpg,"알로, 슈티.jpg",20150661,장편 | 예술영화 | 코미디 | 106분 0초 | 12세이상관람가 | 프랑스,"필름,2D",[주연] 카드 메라드 | 대니 분 | 조 펠릭스 | 안네 마리빈
42,밀크,https://www.kobis.or.kr/upload/up_img/cleansing/76/mov_20100076_3.jpg,밀크.jpg,20100076,장편 | 예술영화 | 드라마 | 128분 0초 | 15세이상관람가 | 미국,"필름,2D",[주연] 숀 펜 | 조슈 브롤린 | 에밀 허쉬
43,황금시대,https://www.kobis.or.kr/common/mast/movie/2014/09/6558441920a04ec1890fcc950a0b876a.jpg,황금시대.jpg,20141408,장편 | 예술영화 | 드라마 | 178분 48초 | 12세이상관람가 | 중국,"필름,2D",[주연] 탕웨이 | 풍소봉 | 왕지문
44,귀 鬼,https://www.kobis.or.kr/upload/up_img/2011/02/mov_CGEEF9_20110216165457_1.jpg,귀 鬼.jpg,20100286,"옴니버스 | 일반영화 | 공포(호러), 스릴러 | 109분 0초 | 15세이상관람가 | 한국","필름,2D",[주연] 한예리(seg. 부르는 손 - 란 역) | 배수빈(seg. 네 이름을 말해봐 - 우정출연 ) | 정인영(아림) | 이채은 | 김꽃비(seg. 내곁에 있어줘 - 남희 역) | 이제훈(seg. 부르는 손 - 김세) | 남지현(seg. 네 이름을 말해봐 - 우정출연) | 이태리(seg. 鬼소년 - 박철민 역) | 최혜경(seg. 鬼소년 - 한서희 역) | 신지수(seg. 내곁에 있어줘 - 소영 역)
45,토마스와 친구들: 그레이트 레이스,https://www.kobis.or.kr/common/mast/movie/2017/11/9728eb9b33c54db1b125011c812fd930.jpg,토마스와 친구들- 그레이트 레이스.jpg,20175811,장편 | 일반영화 | 애니메이션 | 61분 17초 | 전체관람가 | 영국,2D,
46,나이트폴,https://www.kobis.or.kr/common/mast/movie/2012/08/00005cc92c9745e68ae99df06f6ea0a3.jpg,나이트폴.jpg,20128832,"장편 | 일반영화 | 액션, 스릴러, 범죄 | 106분 0초 | 청소년관람불가 | 홍콩, 중국","필름,2D",[주연] 장가휘 | 임달화
47,더 도어,https://www.kobis.or.kr/upload/up_img/cleansing/95/mov_20100795_3.jpg,더 도어.jpg,20100795,"장편 | 일반영화 | 드라마, 미스터리, SF, 스릴러 | 103분 0초 | 청소년관람불가 | 독일","필름,2D",[주연] 매드 미켈슨(다비드 ) | 제시카 슈바르츠(마야 ) | 하이케 마카취일(기아 ) | 닐 트렙스(네레 웨이갠드)
48,어느 예술가의 마지막 일주일,https://www.kobis.or.kr/common/mast/movie/2013/05/c5ee196b788346f29d1a59df151d73b1.jpg,어느 예술가의 마지막 일주일.jpg,20134484,"장편 | 예술영화 | 드라마 | 91분 26초 | 15세이상관람가 | 프랑스, 독일, 벨기에","필름,2D",[주연] 마티유 아말릭(나세르-알리) | 마리아 드 메데이로스(파린귀세) | 이사벨라 로셀리니(파르빈느)
49,봄,https://www.kobis.or.kr/common/mast/movie/2014/11/119f040bb0bd4f5d81827e5986a41684.jpg,봄.jpg,20130573,"장편 | 예술영화 | 드라마, 멜로/로맨스 | 102분 21초 | 청소년관람불가 | 한국","필름,2D",[주연] 박용우(준구) | 김서형 | 이유영(민경)
50,키코리키: 시간여행,https://www.kobis.or.kr/common/mast/movie/2019/03/7a4edad9a4ea4bd28f736c9f3b14b71a.png,키코리키- 시간여행.jpg,20198530,"장편 | 일반영화 | 애니메이션, 판타지, 어드벤처 | 77분 40초 | 전체관람가 | 러시아",2D,[주연] 이경태(크래쉬) | 이상헌(쉬래크) | 김정훈(두더지 사원) | 이인석(도코) | 신한호(칼린) | 안현서(올가)
51,런치박스,https://www.kobis.or.kr/common/mast/movie/2014/03/8bab32f5dea1485ea0b0fcce91314812.jpg,런치박스.jpg,20147805,"장편 | 예술영화 | 멜로/로맨스, 드라마 | 104분 57초 | 12세이상관람가 | 인도, 프랑스, 독일","필름,2D",[주연] 이르판 칸 | 님랏 카우르
52,올 이즈 로스트,https://www.kobis.or.kr/common/mast/movie/2013/10/bf6e6c88dba74d9d983fb7b72e333eb2.jpg,올 이즈 로스트.jpg,20132722,장편 | 예술영화 | 드라마 | 106분 0초 | 12세이상관람가 | 미국,"필름,2D",[주연] 로버트 레드포드
53,파닥파닥,https://www.kobis.or.kr/common/mast/movie/2012/07/b2eb2a7082f941c9b2be23bf478f5c88.jpg,파닥파닥.jpg,20126010,"장편 | 예술,독립 영화 | 애니메이션 | 78분 0초 | 12세이상관람가 | 한국","필름,2D",[주연] 김현지(고등어/여자도다리/여고생1 목소리) | 안영미 | 현경수 | 이호산 | 시영준
54,"귀향, 끝나지 않은 이야기",https://www.kobis.or.kr/common/mast/movie/2017/09/67a43f8446ca401d8c1e7a1b416359ea.jpg,"귀향, 끝나지 않은 이야기.jpg",20171164,"장편 | 독립영화 | 드라마, 다큐멘터리 | 96분 0초 | 15세이상관람가 | 한국",2D,[주연] 박지희 | 강하나 | 서미지 | 홍세나(옥분) | 김시은 | 남상지 | 최리 | 정무성 | 류신 | 이승현 | 정인기(정민 부) | 김민수
55,벤 이즈 백,https://www.kobis.or.kr/common/mast/movie/2019/04/85268a811095410a8fbdb1ce458433b5.jpg,벤 이즈 백.jpg,20199949,장편 | 예술영화 | 드라마 | 103분 9초 | 15세이상관람가 | 미국,2D,[주연] 줄리아 로버츠 | 루카스 헤지스 | 캐서린 뉴튼 | 코트니 B. 반스
56,오피셜 시크릿,https://www.kobis.or.kr/common/mast/movie/2019/11/3ccc64bd6ff14d069a33cd30f9827346.jpg,오피셜 시크릿.jpg,20190014,"장편 | 예술영화 | 스릴러, 드라마 | 112분 12초 | 15세이상관람가 | 영국",2D,[주연] 키이라 나이틀리 | 매튜 구드 | 랄프 파인즈 | 맷 스미스
57,슈퍼스타 뚜루,https://www.kobis.or.kr/common/mast/movie/2020/05/caddc9dfd5b446f5bab65fe9cab26b25.jpg,슈퍼스타 뚜루.jpg,20203921,"장편 | 일반영화 | 뮤지컬, 애니메이션 | 79분 28초 | 전체관람가 | 스페인",2D,[주연] 이다은(뚜루) | 김보나(메시) | 서반석(트래블리)
58,돌아온다,https://www.kobis.or.kr/common/mast/movie/2017/11/a36cbeac846e40e8bcb45007f911f4ca.jpg,돌아온다.jpg,20174663,"장편 | 예술,독립 영화 | 드라마 | 95분 5초 | 12세이상관람가 | 한국",2D,[주연] 김유석 | 손수현(주영)
59,블랙버드,https://www.kobis.or.kr/common/mast/movie/2015/01/0d7c5c43b53d41dab2227c5ea4b833fd.jpg,블랙버드.jpg,20144927,장편 | 예술영화 | 드라마 | 116분 6초 | 15세이상관람가 | 미국,"필름,2D",[주연] 구구 바샤-로 | 네이트 파커 | 미니 드라이버
60,48미터,https://www.kobis.or.kr/common/mast/movie/2013/06/a39245c2aa854331af01bb5a50896782.jpg,48미터.jpg,20120801,장편 | 예술영화 | 드라마 | 97분 0초 | 15세이상관람가 | 한국,"필름,2D",[주연] 박효주(박선희) | 이진희 | 하석 | 조한철 | 김광현
61,퍼스널 쇼퍼,https://www.kobis.or.kr/common/mast/movie/2017/02/e24ba508d4e142a78d47ab939d411345.jpg,퍼스널 쇼퍼.jpg,20161468,"장편 | 예술영화 | 드라마, 스릴러 | 105분 22초 | 15세이상관람가 | 프랑스",2D,[주연] 크리스틴 스튜어트
62,내가 사는 피부,https://www.kobis.or.kr/common/mast/movie/2011/12/c30596a28a52472baf16fff51212e183.jpg,내가 사는 피부.jpg,20113654,장편 | 예술영화 | 드라마 | 120분 0초 | 청소년관람불가 | 스페인,"필름,2D",[주연] 안토니오 반데라스 | 엘레나 아나야 | 마리사 파레데스
63,언플랜드,https://www.kobis.or.kr/common/mast/movie/2020/11/427eba494e43429ba08860bce9166369.jpg,언플랜드.jpg,20201174,장편 | 일반영화 | 드라마 | 109분 13초 | 15세이상관람가 | 미국,2D,[주연] 애슐리 브래처(애비 존슨) | 로비아 스캇(셰릴) | 브룩스 라이언(더그 존슨) | 엠마 엘리 로버츠(메릴리사) | 자레드 랏츠(숀)
64,웃는남자 감독판,https://www.kobis.or.kr#,웃는남자 감독판.jpg,20190385,장편 | 일반영화 | 공연 | 142분 51초 | 전체관람가 | 한국,2D,[주연] 박강현(그윈플렌) | 양준모(우르수스) | 민경아(데아) | 신영숙(조시아나 공작부인) | 조휘(데이빗 더리모어 경) | 이상준(페드로) | 김나윤(앤 여왕)
65,언더 더 씨2,https://www.kobis.or.kr/common/mast/movie/2019/04/d80e0c0c33f1484a8abccc054cdd1a07.jpg,언더 더 씨2.jpg,20190261,장편 | 일반영화 | 애니메이션 | 70분 26초 | 전체관람가 | 미국,2D,[주연] 오은수 | 방지원 | 송영인 | 조연우 | 신정훈 | 박상우
66,더 레이디,https://www.kobis.or.kr/common/mast/movie/2012/07/9739047d2bc44cb294fcaa2f80973502.jpg,더 레이디.jpg,20112932,"장편 | 일반영화 | 드라마 | 132분 0초 | 15세이상관람가 | 프랑스, 영국","필름,2D",[주연] 양자경 | 데이빗 듈리스
67,숀더쉽 더 무비: 꼬마 외계인 룰라!,https://www.kobis.or.kr/common/mast/movie/2020/02/f90c51a5ef624d809584e2ebe1871bc4.jpg,숀더쉽 더 무비- 꼬마 외계인 룰라!.jpg,20193288,"장편 | 일반영화 | 애니메이션, 어드벤처, 코미디 | 87분 5초 | 전체관람가 | 영국",2D,
68,런던 프라이드,https://www.kobis.or.kr/common/mast/movie/2017/04/103dc2ce7f8e446c914bfea337e40215.jpg,런던 프라이드.jpg,20173881,"장편 | 예술영화 | 코미디, 드라마 | 120분 6초 | 15세이상관람가 | 영국",2D,[주연] 빌 나이(클리프 역) | 이멜다 스턴톤(헤피나 역) | 도미닉 웨스트(조나단 역) | 패디 콘시딘(다이 역) | 앤드류 스캇(게딘 역) | 조지 맥케이(조 역) | 조셉 길건
69,작가 미상,https://www.kobis.or.kr/common/mast/movie/2020/01/06e33062e8944b9992871a4e220002c7.jpg,작가 미상.jpg,20193913,"장편 | 예술영화 | 드라마, 스릴러 | 189분 6초 | 청소년관람불가 | 독일",2D,[주연] 톰 쉴링 | 세바스티안 코치 | 폴라 비어
70,온리 유,https://www.kobis.or.kr/common/mast/movie/2015/10/15cdea2a476b424b8859bf41a5988654.jpg,온리 유.jpg,20155057,"장편 | 예술영화 | 멜로/로맨스, 코미디 | 113분 15초 | 15세이상관람가 | 중국","필름,2D",[주연] 탕웨이 | 리아오 판
71,사랑은 타이핑 중!,https://www.kobis.or.kr/common/mast/movie/2013/04/9a9922ff3bd04317bd6bf94ffb779e2d.jpg,사랑은 타이핑 중!.jpg,20137061,"장편 | 예술영화 | 멜로/로맨스, 코미디 | 111분 4초 | 15세이상관람가 | 프랑스","필름,2D",[주연] 로맹 뒤리스 | 데보라 프랑수아
72,마이 뉴욕 다이어리,https://www.kobis.or.kr/common/mast/movie/2021/11/80bc426d7a9046af8e81bdcfad71ec43.jpg,마이 뉴욕 다이어리.jpg,20211176,장편 | 예술영화 | 드라마 | 101분 5초 | 12세이상관람가 | 캐나다,2D,[주연] 시고니 위버 | 마가렛 퀄리
73,별의 정원,https://www.kobis.or.kr/common/mast/movie/2019/06/7e1f7e4d816f4e88a31aa9731d3126d5.jpg,별의 정원.jpg,20192689,"장편 | 예술,독립 영화 | 애니메이션, 판타지 | 74분 35초 | 전체관람가 | 한국",2D,[주연] 김연우(수하 목소리) | 신용우(플루토 목소리) | 전태열(오무 목소리) | 배수빈(수하 아빠 목소리) | 김새해(반디/수하 엄마 목소리) | 시영준(카론) | 김새해(친구목소리) | 이미연
74,"안녕, 전우치! 도술로봇대결전",https://www.kobis.or.kr/common/mast/movie/2015/10/ed9769c4ae6b4d57bf342479f3a31612.jpg,"안녕, 전우치! 도술로봇대결전.jpg",20153801,장편 | 예술영화 | 애니메이션 | 88분 15초 | 전체관람가 | 한국,"필름,2D",[주연] 김율(전우치) | 김새해(석이) | 정선혜(산초)
75,용순,https://www.kobis.or.kr/common/mast/movie/2017/05/0475c199c3314648bbbfcabb49aa6711.jpg,용순.jpg,20168041,"장편 | 예술,독립 영화 | 드라마 | 104분 28초 | 15세이상관람가 | 한국",2D,[주연] 이수경(용순) | 최덕문 | 장햇살 | 최여진
76,사랑하고 있습니까,https://www.kobis.or.kr/common/mast/movie/2020/03/bb8a25226ebf47b0bedcf86a20109003.jpg,사랑하고 있습니까.jpg,20206424,"장편 | 독립영화 | 판타지, 멜로/로맨스 | 107분 39초 | 12세이상관람가 | 한국",2D,[주연] 김소은(소정) | 성훈(승재)
77,아바타 정글의 비밀,https://www.kobis.or.kr/common/mast/movie/2014/03/0a9af59728eb41dc80d8a79910c5dbae.jpg,아바타 정글의 비밀.jpg,20148168,"장편 | 일반영화 | 애니메이션, 액션, 어드벤처 | 82분 58초 | 전체관람가 | 중국","필름,2D,3D",[주연] 이장원 | 김하영
78,아이 씨 유,https://www.kobis.or.kr/common/mast/movie/2021/02/5d3e67f619064a00b2fc52894ead62da.jpg,아이 씨 유.jpg,20215056,"장편 | 예술영화 | 스릴러, 공포(호러), 범죄 | 97분 52초 | 15세이상관람가 | 영국",2D,[주연] 헬렌 헌트 | 존 테네이 | 오웬 티그
79,원스 어게인,https://www.kobis.or.kr/common/mast/movie/2011/12/41d59e3ed98940ffa4adebe0a4fcafed.jpg,원스 어게인.jpg,20113822,"장편 | 예술영화 | 드라마, 다큐멘터리 | 88분 0초 | 12세이상관람가 | 미국, 체코, 아일랜드","필름,2D",[주연] 글렌 하사드 | 마르케타 이글로바
80,할리데이,https://www.kobis.or.kr/common/mast/movie/2014/09/3c0cace2e4eb4814a76bbc82f3ec44c8.jpg,할리데이.jpg,20149397,"장편 | 예술영화 | 뮤지컬, 멜로/로맨스 | 96분 59초 | 15세이상관람가 | 영국","필름,2D",[주연] 한나 아터튼 | 애나벨 스콜리 | 그렉 와이즈 | 줄리오 베루티
81,새 구두를 사야해,https://www.kobis.or.kr/common/mast/movie/2013/04/331e6429f977496da4fb713a92ee7d66.jpg,새 구두를 사야해.jpg,20123004,"장편 | 예술영화 | 멜로/로맨스, 드라마 | 114분 48초 | 12세이상관람가 | 일본","필름,2D",[주연] 나카야마 미호 | 무카이 오사무 | 키리타이 미레이 | 아야노 고
82,세이빙 미스터 뱅크스,https://www.kobis.or.kr/common/mast/movie/2014/03/95c5b9c73ee844278867fb846436bb4f.jpg,세이빙 미스터 뱅크스.jpg,20147509,"장편 | 일반영화 | 코미디, 드라마 | 125분 15초 | 12세이상관람가 | 미국, 영국, 호주","필름,2D",[주연] 톰 행크스 | 엠마 톰슨 | 콜린 파렐
83,킥 애스 2 : 겁없는 녀석들,https://www.kobis.or.kr/common/mast/movie/2013/09/ce5af6f1ac2443c4b68675b374441605.jpg,킥 애스 2 - 겁없는 녀석들.jpg,20137722,"장편 | 일반영화 | 액션, 코미디, 범죄 | 102분 57초 | 청소년관람불가 | 미국","필름,2D",[주연] 클로이 모레츠 | 애론 테일러 존슨 | 짐 캐리 | 크리스토퍼 민츠 플라세
84,내 슬픈 창녀들의 추억,https://www.kobis.or.kr/common/mast/movie/2012/06/22e46e4a715c47a6b04b851ac08e07ce.jpg,내 슬픈 창녀들의 추억.jpg,20127406,"장편 | 예술영화 | 드라마 | 97분 0초 | 청소년관람불가 | 멕시코, 스페인, 덴마크, 미국","필름,2D",[주연] 에밀리오 에체바리아 | 제랄딘 채플린 | 안젤라 몰리나
85,트윈스터즈,https://www.kobis.or.kr/common/mast/movie/2016/02/c3f88036624949688b0ab81f107bd1a9.jpg,트윈스터즈.jpg,20156083,"장편 | 예술영화 | 다큐멘터리 | 88분 50초 | 12세이상관람가 | 미국, 프랑스, 한국, 영국",2D,[주연] 사만다 푸터먼 | 아나이스 보르디에
86,라라걸,https://www.kobis.or.kr/common/mast/movie/2020/03/177704be31f04bfdb689a3ce9c4b9b05.jpg,라라걸.jpg,20206447,장편 | 예술영화 | 드라마 | 98분 11초 | 전체관람가 | 호주,2D,[주연] 테레사 팔머 | 샘 닐 | 설리반 스탭플턴
87,몰리스 게임,https://www.kobis.or.kr/common/mast/movie/2018/07/3952fc65c986406eb7d84639ea8f3784.jpg,몰리스 게임.jpg,20180801,장편 | 예술영화 | 드라마 | 140분 24초 | 15세이상관람가 | 미국,2D,[주연] 제시카 차스테인 | 이드리스 엘바 | 케빈 코스트너 | 마이클 세라
88,아유레디?,https://www.kobis.or.kr/common/mast/movie/2013/08/11eade52275648b78faf5dc6bc66debe.jpg,아유레디-.jpg,20138482,장편 | 예술영화 | 다큐멘터리 | 87분 46초 | 12세이상관람가 | 한국,"필름,2D",[주연] 장광(나레이션) | 고형원 | 성현경
89,빅 2: 황금열쇠 대소동,https://www.kobis.or.kr/common/mast/movie/2019/10/0c5e7e65c2aa49de97f78f21952507c0.jpg,빅 2- 황금열쇠 대소동.jpg,20198184,"장편 | 일반영화 | 애니메이션, 가족, 코미디, 어드벤처 | 91분 14초 | 전체관람가 | 인도",2D,[주연] 서반석(빅) | 김보나(퀸) | 이다은(올림피아) | 최정윤(베나)
90,킹 오브 프리즘 올 스타즈 -프리즘 쇼☆베스트10-,https://www.kobis.or.kr/common/mast/movie/2020/02/f83a278d53b8487f96a43666de47c161.jpg,킹 오브 프리즘 올 스타즈 -프리즘 쇼☆베스트10-.jpg,20205321,장편 | 일반영화 | 애니메이션 | 76분 15초 | 12세이상관람가 | 일본,2D,
91,콰르텟,https://www.kobis.or.kr/common/mast/movie/2013/02/d629827c0e1c4010ae02a0cbe6af3629.jpg,콰르텟.jpg,20123521,"장편 | 예술영화 | 코미디, 드라마 | 98분 0초 | 12세이상관람가 | 영국","필름,2D",[주연] 매기 스미스 | 마이클 갬본 | 빌리 코놀리 | 폴린 콜린스 | 톰 커트니
92,아스테릭스: 마법 물약의 비밀,https://www.kobis.or.kr/common/mast/movie/2019/11/d465fdc3e45943afb4e1f7404763e5cb.jpg,아스테릭스- 마법 물약의 비밀.jpg,20190163,"장편 | 일반영화 | 애니메이션, 어드벤처 | 75분 16초 | 전체관람가 | 프랑스",2D,[주연] 박성영 | 서반석
93,서버비콘,https://www.kobis.or.kr/common/mast/movie/2018/06/b107783ebb674d24885fe5a70c0d1bb2.jpg,서버비콘.jpg,20183133,"장편 | 예술영화 | 범죄, 미스터리 | 104분 32초 | 15세이상관람가 | 미국",2D,[주연] 맷 데이먼 | 줄리안 무어 | 노아 주프 | 오스카 아이삭
94,사다코 2,https://www.kobis.or.kr/common/mast/movie/2014/02/7f987a6793b141fe8b5e5a63f0e622c2.jpg,사다코 2.jpg,20147616,장편 | 일반영화 | 공포(호러) | 95분 56초 | 15세이상관람가 | 일본,"필름,2D",[주연] 타키모토 미오리 | 세토 코지
95,서유기 리턴즈,https://www.kobis.or.kr/upload/up_img/2011/02/mov_FBB00I_20110201172313_1.jpg,서유기 리턴즈.jpg,20119486,"장편 | 일반영화 | 코미디, 액션, 어드벤처 | 79분 0초 | 전체관람가 | 한국","필름,2D",[주연] 김병만(손오공) | 한민관(사오정) | 류담(저팔계)
96,시선,https://www.kobis.or.kr/common/mast/movie/2014/04/897b0f98222b49b89d4a2b9018ce933a.jpg,시선.jpg,20139463,장편 | 예술영화 | 드라마 | 88분 40초 | 12세이상관람가 | 한국,"필름,2D",[주연] 오광록 | 박용식 | 김민경 | 홍성춘 | 이영숙 | 남동하
97,리플레이,https://www.kobis.or.kr/common/mast/movie/2020/12/77cd6e1bff454e6b866e8270e46412b5.jpg,리플레이.jpg,20200936,"장편 | 예술영화 | 드라마, 뮤지컬 | 99분 30초 | 12세이상관람가 | 미국",2D,[주연] 조 퍼디 | 앰버 루바스 | 크리샤 페어차일드
98,럼 다이어리,https://www.kobis.or.kr/common/mast/movie/2012/08/8a7264718ceb41069e0692874ae72bdf.jpg,럼 다이어리.jpg,20129046,"장편 | 일반영화 | 코미디, 멜로/로맨스 | 120분 0초 | 청소년관람불가 | 미국","필름,2D",[주연] 조니 뎁 | 아론 에크하트 | 앰버 허드
99,베르테르,https://www.kobis.or.kr/common/mast/movie/2021/04/4a00f6cdf4474baababf5cf0ee4744f8.jpg,베르테르.jpg,20217825,장편 | 일반영화 | 뮤지컬 | 145분 4초 | 12세이상관람가 | 한국,2D,[주연] 조규현
100,극장판 토리코 : 미식신의 스페셜메뉴,https://www.kobis.or.kr/common/mast/movie/2013/10/220ea76def1f4a4d9021b8a398a8947c.jpg,극장판 토리코 - 미식신의 스페셜메뉴.jpg,20134362,"장편 | 일반영화 | 애니메이션, 어드벤처 | 81분 3초 | 전체관람가 | 일본","필름,2D",[주연] 성완경(토리코 (한국어 목소리)) | 양정화(마츠 (한국어 목소리)) | 구자형(코코 (한국어 목소리))
101,레고:클러치파워의 모험,https://www.kobis.or.kr/upload/up_img/cleansing/71/mov_20100271_3.jpg,레고-클러치파워의 모험.jpg,20100271,"장편 | 일반영화 | 애니메이션, 액션, 가족 | 82분 0초 | 전체관람가 | 미국","필름,2D",[주연] 이본 스트라호프스키 | 라이언 맥파틀린
102,옷코는 초등학생 사장님!,https://www.kobis.or.kr/common/mast/movie/2019/02/56cc8d68e92c4963a6db5f515b81be56.jpg,옷코는 초등학생 사장님!.jpg,20197149,장편 | 예술영화 | 애니메이션 | 94분 18초 | 전체관람가 | 일본,2D,[주연] 코바야시 세이란 | 미즈키 나나 | 이치류사이 테이유
103,믿음의 승부,https://www.kobis.or.kr/upload/up_img/cleansing/96/mov_20100196_3.jpg,믿음의 승부.jpg,20100196,장편 | 일반영화 | 드라마 | 111분 0초 | 전체관람가 | 미국,필름,[주연] 제임스 블랙웰  | 베일리 케이브 
104,브로큰 시티,https://www.kobis.or.kr/common/mast/movie/2013/02/6991ef32910a4e38ab6f21eca3d17c2c.jpg,브로큰 시티.jpg,20135907,"장편 | 일반영화 | 범죄, 액션 | 108분 8초 | 15세이상관람가 | 미국","필름,2D",[주연] 러셀 크로우 | 캐서린 제타-존스 | 마크 월버그
105,페어웰,https://www.kobis.or.kr/common/mast/movie/2021/01/47cd2e7450124a18af84c231df17a5e6.jpg,페어웰.jpg,20204333,"장편 | 예술영화 | 가족, 드라마 | 100분 15초 | 전체관람가 | 미국, 중국",2D,[주연] 아콰피나(빌리) | 자오 슈젠(할머니)
106,시인의 사랑,https://www.kobis.or.kr/common/mast/movie/2017/08/78d7c902be504ead9ad16884d6bed2c6.jpg,시인의 사랑.jpg,20178941,"장편 | 예술,독립 영화 | 드라마 | 109분 27초 | 15세이상관람가 | 한국",2D,[주연] 양익준 | 전혜진 | 정가람(소년)
107,코스모폴리스,https://www.kobis.or.kr/common/mast/movie/2013/06/14bb6e907f884bdd8d48b688f20d25ae.jpg,코스모폴리스.jpg,20138882,"장편 | 예술영화 | 드라마 | 108분 52초 | 청소년관람불가 | 캐나다, 프랑스, 포르투갈, 이탈리아","필름,2D",[주연] 로버트 패틴슨 | 줄리엣 비노쉬 | 폴 지아마티 | 제이 바루첼 | 케빈 두런드 | 사만다 모튼
108,호두까기 인형: 장난감 왕국 대모험,https://www.kobis.or.kr/common/mast/movie/2016/11/63e62a72fef2499680ea4dd6e8330e13.jpg,호두까기 인형- 장난감 왕국 대모험.jpg,20162481,장편 | 예술영화 | 애니메이션 | 80분 8초 | 전체관람가 | 페루,2D,
109,플레이,https://www.kobis.or.kr/upload/up_img/2011/05/mov_9AE5G8_20110527144843_1.jpg,플레이.jpg,20110601,장편 | 예술영화 | 드라마 | 99분 0초 | 전체관람가 | 한국,"필름,2D",[주연] 임헌일(헌일) | 이현재(현재 ) | 정은채 | 수현 | 김종수 | 김서연(정민)
110,슈퍼 햄찌,https://www.kobis.or.kr/common/mast/movie/2019/08/466f76655b9f4de08638345e7d8609ad.jpg,슈퍼 햄찌.jpg,20195967,"장편 | 일반영화 | 애니메이션, 가족, 판타지 | 77분 49초 | 전체관람가 | 핀란드",2D,[주연] 이다은(에밀리아) | 박성영(시모) | 이창민(물고기 대장) | 강은애(에밀리아 엄마) | 서반석(에밀리아 아빠) | 김보나(체육선생님) | 고구인(대왕 햄찌 캡틴)
111,엔딩노트,https://www.kobis.or.kr/common/mast/movie/2013/01/8cac8eb18ed24897b442f3bc8426b513.jpg,엔딩노트.jpg,20120941,"장편 | 예술영화 | 드라마, 다큐멘터리 | 90분 0초 | 전체관람가 | 일본","필름,2D",[제작] 고레에다 히로카즈
112,더 보이스,https://www.kobis.or.kr/common/mast/movie/2018/09/888c7a05c2b04e04a237c2e3806758cd.jpg,더 보이스.jpg,20170301,"장편 | 예술영화 | 코미디, 범죄 | 103분 36초 | 청소년관람불가 | 미국, 독일",2D,[주연] 안나 켄드릭 | 젬마 아터튼 | 라이언 레이놀즈
113,미스터 라잇,https://www.kobis.or.kr/common/mast/movie/2016/05/37aad2fe5b9847de9bb845f447ee5044.jpg,미스터 라잇.jpg,20164387,"장편 | 일반영화 | 액션, 코미디, 멜로/로맨스 | 95분 18초 | 청소년관람불가 | 미국",2D,[주연] 안나 켄드릭 | 샘 록웰 | 팀 로스
114,코파카바나,https://www.kobis.or.kr/upload/up_img/2011/05/mov_F9FGB0_20110526131525_1.jpg,코파카바나.jpg,20101279,장편 | 예술영화 | 드라마 | 107분 0초 | 15세이상관람가 | 프랑스,"필름,2D",[주연] 이자벨 위페르(바부) | 롤리타 샤마(에스메랄다) | 오레 아티카(리디에)
115,동쪽의 에덴 극장판 ① 더 킹오브 에덴,https://www.kobis.or.kr/upload/up_img/cleansing/37/mov_20090937_1.jpg,동쪽의 에덴 극장판 ① 더 킹오브 에덴.jpg,20090937,"장편 | 일반영화 | 애니메이션, 미스터리 | 82분 0초 | 전체관람가 | 일본",필름,[주연] 사이토 아야카(쿠즈하라 미쿠루 목소리) | 하야미 사오리(모리미 사키) | 에구치 타쿠야(오오스기 사토시)
116,세인트 아가타,https://www.kobis.or.kr/common/mast/movie/2020/03/b611169dd49c43c6adb16d1d59b5f57d.jpg,세인트 아가타.jpg,20205096,"장편 | 예술영화 | 공포(호러), 스릴러 | 103분 0초 | 청소년관람불가 | 미국",2D,[주연] 사브리나 컨 | 캐롤린 헨니시 | 트린 밀러
117,혼자 사는 사람들,https://www.kobis.or.kr/common/mast/movie/2021/05/911ccb8b4e854c2f944c931ff69dd0c7.jpg,혼자 사는 사람들.jpg,20200295,"장편 | 예술,독립 영화 | 드라마 | 90분 35초 | 12세이상관람가 | 한국",2D,[주연] 공승연 | 정다은(수진)
118,샤넬과 스트라빈스키,https://www.kobis.or.kr/upload/up_img/2011/07/mov_F6G911_20110729161432_1.jpg,샤넬과 스트라빈스키.jpg,20111926,"장편 | 예술영화 | 드라마, 멜로/로맨스 | 119분 0초 | 청소년관람불가 | 프랑스, 일본, 스위스","필름,2D",[주연] 안나 무글라리스 | 매드 미켈슨
119,아직 끝나지 않았다,https://www.kobis.or.kr/common/mast/movie/2018/05/34b2d625cb9f42b6a3aa7862a718ad24.jpg,아직 끝나지 않았다.jpg,20183306,"장편 | 예술영화 | 드라마, 스릴러 | 93분 32초 | 15세이상관람가 | 프랑스",2D,[주연] 레아 드루케 | 드니 메노셰 | 토마 지오리아 | 마틸드 오느뵈
120,레미제라블: 뮤지컬 콘서트,https://www.kobis.or.kr/common/mast/movie/2020/02/9a42de81abd6488ea3b0be2aa040521d.jpg,레미제라블- 뮤지컬 콘서트.jpg,20204501,장편 | 일반영화 | 뮤지컬 | 166분 9초 | 12세이상관람가 | 미국,2D,[주연] 마이클 볼 | 알피 보
121,소나기,https://www.kobis.or.kr/common/mast/movie/2017/08/0615f034638448b295f8a549311de802.jpg,소나기.jpg,20170003,"장편 | 예술,독립 영화 | 애니메이션 | 48분 10초 | 전체관람가 | 한국",2D,[주연] 노강민(소년 목소리) | 신은수(소녀 목소리)
122,레옹 디 오리지널,https://www.kobis.or.kr/common/mast/movie/2020/06/aeaa93d9458d4ef8985a0bf21a205e0f.jpg,레옹 디 오리지널.jpg,20188124,"장편 | 일반영화 | 액션, 범죄, 드라마 | 110분 28초 | 청소년관람불가 | 프랑스",2D,[주연] 장 르노 | 나탈리 포트만 | 게리 올드만
123,와일드라이프,https://www.kobis.or.kr/common/mast/movie/2019/12/9d0f1b73a4f94e1397db74b775acdc47.jpg,와일드라이프.jpg,20190733,장편 | 예술영화 | 드라마 | 105분 1초 | 15세이상관람가 | 미국,2D,[주연] 캐리 멀리건 | 제이크 질렌할 | 에드 옥슨볼드
124,나의 작은 시인에게,https://www.kobis.or.kr/common/mast/movie/2019/03/443f4935c61f48d78c09bcf955dbeab8.jpg,나의 작은 시인에게.jpg,20199009,장편 | 예술영화 | 드라마 | 97분 6초 | 15세이상관람가 | 미국,2D,[주연] 매기 질렌할 | 파커 세박 | 가엘 가르시아 베르날
125,너는 달밤에 빛나고,https://www.kobis.or.kr/common/mast/movie/2020/05/7100af02f84d49fcb2c6e8cb7a8316d1.jpg,너는 달밤에 빛나고.jpg,20195711,장편 | 예술영화 | 멜로/로맨스 | 101분 23초 | 12세이상관람가 | 일본,2D,[주연] 나가노 메이 | 키타무라 타쿠미 | 오이카와 미츠히로 | 하세가와 쿄코
126,업 포 러브,https://www.kobis.or.kr/common/mast/movie/2016/11/12dac93cf997403abb9f118e33bc6136.jpg,업 포 러브.jpg,20166401,"장편 | 예술영화 | 멜로/로맨스, 코미디 | 98분 5초 | 15세이상관람가 | 프랑스",2D,[주연] 장 뒤자르댕 | 비르지니 에피라
127,공기인형,https://www.kobis.or.kr/common/mast/movie/2020/01/da2282cec1924dae8838475f9a0a20e9.jpg,공기인형.jpg,20100130,"장편 | 예술영화 | 드라마, 판타지 | 116분 3초 | 15세이상관람가 | 일본","필름,2D",[주연] 배두나 | 아라타 | 오다기리 조 | 이타오 이츠지
128,하얀리본,https://www.kobis.or.kr/common/mast/movie/2011/12/e4e912de2b014c83a4033452a16391a8.jpg,하얀리본.jpg,20100365,"장편 | 예술영화 | 드라마, 미스터리 | 142분 0초 | 15세이상관람가 | 독일","필름,2D",[주연] 크리스티안 프리에델  | 에른스트 야코비
129,메이드 인 이태리,https://www.kobis.or.kr/common/mast/movie/2021/11/99a6dc24a48a4e35ac5d537176d53876.jpg,메이드 인 이태리.jpg,20219056,"장편 | 예술영화 | 드라마, 멜로/로맨스 | 93분 41초 | 12세이상관람가 | 영국",2D,[주연] 리암 니슨
130,"틱, 틱... 붐!",https://www.kobis.or.kr/common/mast/movie/2021/10/412a14b556294a498a5672319050e8da.jpg,"틱, 틱... 붐!.jpg",20211313,"장편 | 일반영화 | 드라마, 뮤지컬 | 120분 2초 | 12세이상관람가 | 미국",2D,[주연] 앤드류 가필드 | 알렉산드라 쉽 | 로빈 데 헤수스 | 바네사 허진스 | 조슈아 헨리 | 브래들리 휘트포드 | 주디스 라이트
131,트루맛쇼,https://www.kobis.or.kr/upload/up_img/2011/05/mov_HBG719_20110531105827_1.jpg,트루맛쇼.jpg,20110607,장편 | 예술영화 | 다큐멘터리 | 70분 0초 | 12세이상관람가 | 한국,"필름,2D",[주연] 박나림 | 황재웅(트루맛쇼 가짜 체험)
132,제로 포커스,https://www.kobis.or.kr/common/mast/movie/2011/12/d3cdd490acad48beb55e55f75765cbd1.jpg,제로 포커스.jpg,20100102,"장편 | 일반영화 | 드라마, 미스터리 | 130분 0초 | 15세이상관람가 | 일본",필름,[주연] 히로스에 료코(데이코 ) | 나카타니 미키(사치코) | 키무라 타에(히사코 )
133,밤의 이야기,https://www.kobis.or.kr/common/mast/movie/2012/12/0765b27f7a2f4726b8103c80cbadfcb3.jpg,밤의 이야기.jpg,20125567,"장편 | 예술영화 | 애니메이션, 판타지 | 84분 0초 | 전체관람가 | 프랑스","필름,2D",[주연] 줄리엔 베라미스 | 마리엔 그리셋
134,피터팬: 후크 선장과 결투의 날,https://www.kobis.or.kr/common/mast/movie/2019/05/3443b270c250496c99e869b0ad835ed0.jpg,피터팬- 후크 선장과 결투의 날.jpg,20192001,"장편 | 일반영화 | 애니메이션, 어드벤처 | 88분 17초 | 전체관람가 | 아일랜드",2D,
135,어우동: 주인 없는 꽃,https://www.kobis.or.kr/common/mast/movie/2015/01/94624f378afb4f69a89c538ef9bac0d2.jpg,어우동- 주인 없는 꽃.jpg,20149298,장편 | 일반영화 | 멜로/로맨스 | 101분 16초 | 청소년관람불가 | 한국,"필름,2D",[주연] 백도빈 | 송은채 | 여욱환 | 남경읍
136,시크릿 가든,https://www.kobis.or.kr/common/mast/movie/2020/08/3f17b9692fbf42c7b502fd549eab92d8.jpg,시크릿 가든.jpg,20203461,"장편 | 예술영화 | 드라마, 가족, 판타지 | 99분 54초 | 전체관람가 | 영국",2D,[주연] 딕시 에저릭스 | 콜린 퍼스 | 줄리 월터스
137,도성풍운 3,https://www.kobis.or.kr/common/mast/movie/2016/11/7350ea04da1647778fdfeacf05a26869.jpg,도성풍운 3.jpg,20162207,"장편 | 예술영화 | 코미디, 드라마 | 113분 0초 | 15세이상관람가 | 홍콩",2D,[주연] 주윤발 | 유덕화
138,더 레이서,https://www.kobis.or.kr/common/mast/movie/2021/01/e7fe10be0026470c865b2d5ff30dfb2f.jpg,더 레이서.jpg,20215221,장편 | 예술영화 | 드라마 | 97분 5초 | 15세이상관람가 | 기타,2D,[주연] 루이스 탈페 | 마테오 시모니 | 타라 리 | 이아인 글렌
139,타투,https://www.kobis.or.kr/common/mast/movie/2015/11/386fe8d4c43e47d6a22d2a4357983320.jpg,타투.jpg,20147130,장편 | 일반영화 | 스릴러 | 92분 26초 | 청소년관람불가 | 한국,"필름,2D",[주연] 송일국(한지순) | 윤주희 | 권현상 | 서영
140,조금만 더 가까이,https://www.kobis.or.kr/upload/up_img/2011/01/mov_FH70EE_20110111172042_1.jpg,조금만 더 가까이.jpg,20101028,"장편 | 예술영화 | 멜로/로맨스, 드라마 | 108분 0초 | 청소년관람불가 | 한국","필름,2D",[주연] 윤계상(현오) | 정유미(은희) | 윤희석(주영) | 요조(혜영)
141,르누아르,https://www.kobis.or.kr/common/mast/movie/2014/01/48b33fb03b23436e9dd28bdb0d329150.jpg,르누아르.jpg,20133142,장편 | 예술영화 | 드라마 | 111분 38초 | 청소년관람불가 | 프랑스,"필름,2D",[주연] 미셸 부케 | 빈센트 로티어스 | 헬렌 바부
142,토마스와 친구들: 블루마운틴 미스터리,https://www.kobis.or.kr/common/mast/movie/2013/09/d01987272f2548d8b3b7e85e15ac3f14.jpg,토마스와 친구들- 블루마운틴 미스터리.jpg,20133159,장편 | 일반영화 | 애니메이션 | 61분 33초 | 전체관람가 | 영국,"필름,2D",
143,사라의 열쇠,https://www.kobis.or.kr/upload/up_img/2011/08/mov_H96H71_20110816135445_1.jpg,사라의 열쇠.jpg,20110900,장편 | 예술영화 | 드라마 | 111분 0초 | 12세이상관람가 | 프랑스,"필름,2D",[주연] 크리스틴 스콧 토마스
144,쿵푸 요가,https://www.kobis.or.kr/common/mast/movie/2017/03/8fde72247cbb4c14854b1dd204600df3.jpg,쿵푸 요가.jpg,20172307,"장편 | 예술영화 | 액션, 어드벤처, 코미디 | 107분 0초 | 12세이상관람가 | 중국, 인도",2D,[주연] 성룡 | 레이
145,낫아웃,https://www.kobis.or.kr/common/mast/movie/2021/05/a9ed509f39924bcca2445027ed69d7fb.jpg,낫아웃.jpg,20217121,장편 | 독립영화 | 드라마 | 107분 27초 | 15세이상관람가 | 한국,2D,[주연] 정재광(광호) | 정승길(승길) | 김희창(감독) | 이규성(민철)
146,고양이 춤,https://www.kobis.or.kr/upload/up_img/2011/11/mov_693340_20111101090126_1.jpg,고양이 춤.jpg,20119836,장편 | 예술영화 | 다큐멘터리 | 76분 0초 | 전체관람가 | 한국,"필름,2D",[주연] 이용한(나레이션)
147,스코어: 영화음악의 모든 것,https://www.kobis.or.kr/common/mast/movie/2017/09/c450b3d97790494b872b9b572cea26a9.jpg,스코어- 영화음악의 모든 것.jpg,20170017,장편 | 예술영화 | 다큐멘터리 | 92분 44초 | 전체관람가 | 미국,2D,
148,디태치먼트,https://www.kobis.or.kr/common/mast/movie/2014/04/3923c52833564a98bf357096eac64b6c.jpg,디태치먼트.jpg,20134601,장편 | 예술영화 | 드라마 | 97분 20초 | 청소년관람불가 | 미국,"필름,2D",[주연] 애드리언 브로디(헨리 바르트) | 마샤 게이 하든 | 크리스티나 헨드릭스(미세스 매디슨) | 루시 리우(닥터 파커) | 제임스 칸(미스터 시볼트)
149,랜드 오브 마인,https://www.kobis.or.kr/common/mast/movie/2017/03/40f5a67b77604d688ccf58670913ea4f.jpg,랜드 오브 마인.jpg,20168592,"장편 | 예술영화 | 드라마, 전쟁 | 100분 44초 | 15세이상관람가 | 덴마크, 독일",2D,[주연] 미켈 보엘 폴스라르 | 루이스 호프만 | 조엘 바스만
150,오 마이 파파,https://www.kobis.or.kr/common/mast/movie/2016/10/355d7ad93ecb4a77adb0fe67cfd61c1e.jpg,오 마이 파파.jpg,20162927,장편 | 예술영화 | 다큐멘터리 | 96분 30초 | 전체관람가 | 한국,2D,[제작관리] 김혜영(회계관리)
151,세션 : 이 남자가 사랑하는 법,https://www.kobis.or.kr/common/mast/movie/2013/01/fdf0e658a0c54e63b9b19c3cebc07ee6.jpg,세션 - 이 남자가 사랑하는 법.jpg,20122232,장편 | 예술영화 | 드라마 | 95분 0초 | 청소년관람불가 | 미국,"필름,2D",[주연] 존 혹스(마크 오 브라이언) | 헬렌 헌트(칠리 코헨 그린) | 윌리엄 H. 머시 | 문 블러드굿
152,내가 고백을 하면,https://www.kobis.or.kr/common/mast/movie/2012/12/239d8d4e64e94026bfe482dce73fcf98.jpg,내가 고백을 하면.jpg,20120107,"장편 | 예술,독립 영화 | 멜로/로맨스, 드라마 | 100분 0초 | 15세이상관람가 | 한국","필름,2D",[주연] 김태우(인성) | 예지원(유정) | 안지혜(육정아)
153,래빗 홀,https://www.kobis.or.kr/upload/up_img/2011/11/mov_C34AF0_20111122172754_1.jpg,래빗 홀.jpg,20113487,장편 | 예술영화 | 드라마 | 91분 0초 | 15세이상관람가 | 미국,"필름,2D",[주연] 니콜 키드먼 | 아론 에크하트
154,바이올렛 에버가든 – 영원과 자동 수기 인형 -,https://www.kobis.or.kr/common/mast/movie/2020/03/cf1639c144a145b18f5ab12de6a950c7.jpg,바이올렛 에버가든 – 영원과 자동 수기 인형 -.jpg,20206141,장편 | 예술영화 | 애니메이션 | 90분 30초 | 전체관람가 | 일본,2D,[주연] 이시카와 유이 | 코토부키 미나코
155,리틀 맨하탄,https://www.kobis.or.kr/common/mast/movie/2018/06/1f48cdc5961c4a34988dd6f9c8b244c1.jpg,리틀 맨하탄.jpg,20058053,장편 | 일반영화 | 멜로/로맨스 | 89분 56초 | 전체관람가 | 미국,"필름,2D",[주연] 조쉬 허처슨 | 찰리 레이 | 신시아 닉슨 | 브래들리 휘트포드
156,엘프,https://www.kobis.or.kr/common/mast/movie/2021/01/c5a7a0d9d2d543319baebe494e772cd4.jpg,엘프.jpg,20202289,장편 | 일반영화 | 애니메이션 | 77분 45초 | 전체관람가 | 독일,2D,
157,피닉스,https://www.kobis.or.kr/common/mast/movie/2021/07/2e2694febbaf45c989a5917c319ce5c0.jpg,피닉스.jpg,20168708,장편 | 예술영화 | 드라마 | 98분 22초 | 12세이상관람가 | 독일,2D,[주연] 니나 호스 | 로널드 제르펠트
158,마티아스와 막심,https://www.kobis.or.kr/common/mast/movie/2020/07/0603460f042543b09958df9a33fcf4ed.jpg,마티아스와 막심.jpg,20190735,장편 | 예술영화 | 드라마 | 120분 15초 | 15세이상관람가 | 캐나다,2D,[주연] 자비에 돌란 | 가브리엘 달메이다 프레이타스
159,라스트 레터,https://www.kobis.or.kr/common/mast/movie/2021/02/776e0762feb44e6a8b989001aed62953.jpg,라스트 레터.jpg,20215862,장편 | 예술영화 | 멜로/로맨스 | 120분 30초 | 전체관람가 | 일본,2D,[주연] 마츠 다카코 | 히로세 스즈 | 안노 히데아키 | 모리 나나 | 토요카와 에츠시 | 나카야마 미호 | 카미키 류노스케 | 후쿠야마 마사하루
160,갈매기,https://www.kobis.or.kr/common/mast/movie/2018/11/e8b14b65c9c14773aa22c7a758352124.jpg,갈매기.jpg,20182670,장편 | 예술영화 | 드라마 | 98분 18초 | 12세이상관람가 | 미국,2D,[주연] 시얼샤 로넌 | 아네트 베닝
161,내 친구 정일우,https://www.kobis.or.kr/common/mast/movie/2017/09/5f70186556664143af2e914d37db3dfe.jpg,내 친구 정일우.jpg,20178461,"장편 | 예술,독립 영화 | 다큐멘터리 | 84분 27초 | 전체관람가 | 한국",2D,[주연] 김동원(나레이션)
162,씨민과 나데르의 별거,https://www.kobis.or.kr/upload/up_img/2011/09/mov_HA6HDD_20110906132433_1.jpg,씨민과 나데르의 별거.jpg,20112541,장편 | 예술영화 | 드라마 | 124분 0초 | 12세이상관람가 | 이란,"필름,2D",[주연] 레일라 하타미
163,케이크메이커,https://www.kobis.or.kr/common/mast/movie/2018/05/e0df7801b5b24e0c95774b556585ac6d.jpg,케이크메이커.jpg,20183581,"장편 | 예술영화 | 드라마, 멜로/로맨스 | 108분 28초 | 15세이상관람가 | 독일",2D,[주연] 사라 애들러 | 팀 칼코프 | 로이 밀러
164,나이트 헌터,https://www.kobis.or.kr/common/mast/movie/2020/01/1bc8e7b1fe4449d4a5f46524dee09397.jpg,나이트 헌터.jpg,20204162,"장편 | 일반영화 | 액션, 범죄, 스릴러, 드라마 | 98분 35초 | 15세이상관람가 | 캐나다",2D,[주연] 헨리 카빌 | 알렉산드라 다드다리오 | 벤 킹슬리 | 스탠리 투치
165,베네데타,https://www.kobis.or.kr/common/mast/movie/2021/11/42b9e3b96b6e4f0b969b93267cd50b51.jpg,베네데타.jpg,20210790,장편 | 예술영화 | 드라마 | 131분 18초 | 청소년관람불가 | 프랑스,2D,[주연] 비르지니 에피라(베네데타) | 다프네 파타키아(바톨로메아) | 샬롯 램플링 | 램버트 윌슨 | 클로틸드 쿠로
166,페어리테일: 봉황의 무녀,https://www.kobis.or.kr/common/mast/movie/2013/02/290af040710847f4b0f2bfdc211990e5.jpg,페어리테일- 봉황의 무녀.jpg,20134062,"장편 | 일반영화 | 애니메이션, 판타지 | 86분 0초 | 전체관람가 | 일본","필름,2D",
167,윈터스 본,https://www.kobis.or.kr/upload/up_img/2011/03/mov_3228IE_20110302110057_1.jpg,윈터스 본.jpg,20119129,"장편 | 예술영화 | 스릴러, 미스터리 | 100분 0초 | 청소년관람불가 | 미국","필름,2D",[주연] 제니퍼 로렌스(리 돌리)
168,시스터,https://www.kobis.or.kr/common/mast/movie/2014/01/ffb4a8eecbb847e287422d6965c9321c.jpg,시스터.jpg,20127726,"장편 | 예술영화 | 드라마 | 97분 0초 | 12세이상관람가 | 프랑스, 스위스","필름,2D",[주연] 레아 세이두 | 캐시 모텟 클레인 | 질리언 앤더슨
169,피쉬와 칩스 극장판,https://www.kobis.or.kr/common/mast/movie/2014/02/7f42beaf399240d78fab352959efe695.jpg,피쉬와 칩스 극장판.jpg,20147558,장편 | 예술영화 | 애니메이션 | 81분 44초 | 전체관람가 | 호주,"필름,2D",[주연] 존 레귀자모 | 마리오 캔톤 | 엄상현 | 김영선
170,현기증,https://www.kobis.or.kr/common/mast/movie/2017/08/c17a09d346014999bfa50694eb64f1d1.jpg,현기증.jpg,20141609,"장편 | 예술영화 | 가족, 드라마 | 93분 42초 | 청소년관람불가 | 한국","필름,2D",[주연] 김영애 | 송일국(상호) | 도지원 | 김소은
171,결혼하지 않아도 괜찮을까,https://www.kobis.or.kr/common/mast/movie/2015/03/07e41d63a0584e73a896baf6bdc36f23.jpg,결혼하지 않아도 괜찮을까.jpg,20143922,장편 | 예술영화 | 드라마 | 106분 23초 | 12세이상관람가 | 일본,"필름,2D",[주연] 시바사키 코우 | 마키 요코 | 테라지마 시노부
172,겁쟁이 페달: 더 무비,https://www.kobis.or.kr/common/mast/movie/2015/12/b888903236aa45d79c06bd0807336536.jpg,겁쟁이 페달- 더 무비.jpg,20159965,장편 | 예술영화 | 애니메이션 | 90분 4초 | 전체관람가 | 일본,"필름,2D",
173,돈 존,https://www.kobis.or.kr/common/mast/movie/2013/12/903824464b7f4206bb06e754fbca9e8b.jpg,돈 존.jpg,20136355,"장편 | 예술영화 | 코미디, 드라마, 멜로/로맨스 | 89분 50초 | 청소년관람불가 | 미국","필름,2D",[주연] 조셉 고든 레빗 | 스칼렛 요한슨 | 줄리안 무어 | 토니 단자
174,차가운 장미,https://www.kobis.or.kr/common/mast/movie/2014/05/8cb54cb2627049d4b800f0afc55952e0.jpg,차가운 장미.jpg,20148681,장편 | 예술영화 | 드라마 | 102분 28초 | 15세이상관람가 | 프랑스,"필름,2D",[주연] 다니엘 오떼유 | 크리스틴 스콧 토마스
175,부릉! 부릉! 브루미즈: 스피더의 모험 일기,https://www.kobis.or.kr/common/mast/movie/2016/12/18660b596de34b82b83e0aeafb71ba76.jpg,부릉! 부릉! 브루미즈- 스피더의 모험 일기.jpg,20164527,장편 | 예술영화 | 애니메이션 | 60분 0초 | 전체관람가 | 한국,2D,[주연] 양정화 | 엄상현 | 이소영
176,존 레논 비긴즈-노웨어 보이,https://www.kobis.or.kr/upload/up_img/2011/03/mov_20G422_20110322135902_1.jpg,존 레논 비긴즈-노웨어 보이.jpg,20101274,"장편 | 예술영화 | 드라마 | 98분 0초 | 15세이상관람가 | 영국, 캐나다",필름,[주연] 애론 테일러 존슨(존) | 크리스틴 스콧 토마스(미미)
177,티탄,https://www.kobis.or.kr/common/mast/movie/2021/11/9ca2455718f44f14afc3f4be3ad2c754.jpg,티탄.jpg,20210972,"장편 | 예술영화 | 드라마, SF, 스릴러 | 108분 12초 | 청소년관람불가 | 프랑스",2D,[주연] 뱅상 랭동
178,미니 자이언트,https://www.kobis.or.kr/common/mast/movie/2016/01/6da88b6910ef4c5ebe81271a7bcf4f18.jpg,미니 자이언트.jpg,20155174,"장편 | 예술영화 | 애니메이션, 가족, 다큐멘터리 | 43분 21초 | 전체관람가 | 영국","2D,3D",
179,출동! 도토리 구조대,https://www.kobis.or.kr/common/mast/movie/2019/03/14cdaf19b33848f882e8677c99a5b4ec.jpg,출동! 도토리 구조대.jpg,20197552,장편 | 예술영화 | 애니메이션 | 82분 4초 | 전체관람가 | 미국,2D,
180,소명 하늘의 별,https://www.kobis.or.kr/common/mast/movie/2013/03/062fc1de975c48308d7bd2a7ad6b8bb2.1,소명 하늘의 별.jpg,20136742,장편 | 예술영화 | 다큐멘터리 | 75분 0초 | 12세이상관람가 | 한국,"필름,2D",[주연] 송채환 | 조태환(본인) | 오순옥(본인) | 조하은(본인) | 조예은(본인)
181,썸니아,https://www.kobis.or.kr/common/mast/movie/2016/05/861d183b16cb4942b683537981312529.jpg,썸니아.jpg,20153182,"장편 | 예술영화 | 판타지, 공포(호러) | 96분 34초 | 15세이상관람가 | 미국","필름,2D",[주연] 케이트 보스워스 | 토마스 제인 | 제이콥 트렘블레이
182,범죄소년,https://www.kobis.or.kr/common/mast/movie/2012/12/27b452c96a9f43adb3dacf2b109abb26.1,범죄소년.jpg,20124060,장편 | 예술영화 | 드라마 | 108분 0초 | 15세이상관람가 | 한국,"필름,2D",[주연] 이정현(효승) | 서영주(장지구) | 김경룡(옥현 부)
183,검은손,https://www.kobis.or.kr/common/mast/movie/2015/04/a81e624d8d1a4cb893f2cd3af49854a9.jpg,검은손.jpg,20157986,장편 | 일반영화 | 공포(호러) | 95분 43초 | 청소년관람불가 | 한국,"필름,2D",[주연] 김성수 | 한고은
184,"러브, 어게인",https://www.kobis.or.kr/common/mast/movie/2017/11/d116e676156a48eb9b833a4f117f870f.JPG,"러브, 어게인.jpg",20174882,"장편 | 예술영화 | 드라마, 코미디, 멜로/로맨스 | 97분 0초 | 12세이상관람가 | 미국",2D,[주연] 리즈 위더스푼 | 마이클 쉰 | 피코 알렉산더 | 냇 울프 | 존 루드니츠키 | 캔디스 버겐
185,리틀 애쉬 : 달리가 사랑한 그림,https://www.kobis.or.kr/common/mast/movie/2011/12/e0c15f0e4ba941458fbbae201a69e788.jpg,리틀 애쉬 - 달리가 사랑한 그림.jpg,20090601,"장편 | 예술영화 | 드라마, 사극 | 112분 0초 | 청소년관람불가 | 영국, 스페인",필름,[주연] 자비에 벨트란(페데리코 가르시아 로르카) | 로버트 패틴슨(살바도르 달리) | 매튜 맥널티(루이스 부뉘엘)
186,트립 투 스페인,https://www.kobis.or.kr/common/mast/movie/2018/05/fa0b35f1e1a845d094e5aa386f42e1d6.jpg,트립 투 스페인.jpg,20181161,장편 | 예술영화 | 코미디 | 107분 47초 | 15세이상관람가 | 영국,2D,[주연] 스티브 쿠건 | 롭 브라이든
187,나는보리,https://www.kobis.or.kr/common/mast/movie/2020/05/cdbab040bac8403a92aed08cc4c3bd4d.jpg,나는보리.jpg,20181169,"장편 | 예술,독립 영화 | 가족, 드라마 | 109분 58초 | 전체관람가 | 한국",2D,[주연] 김아송(보리) | 이린하(정우) | 곽진석(해진) | 허지나(엄마) | 황유림(은정) | 허지나(엄마역)
188,디시에르토,https://www.kobis.or.kr/common/mast/movie/2016/09/74c8143bb7bb40c2bd39cf195b5d84f3.jpg,디시에르토.jpg,20168822,"장편 | 예술영화 | 드라마, 스릴러 | 89분 48초 | 15세이상관람가 | 멕시코, 프랑스",2D,[주연] 가엘 가르시아 베르날(모세 역) | 제프리 딘 모건(샘 역) | 디에고 카타노 | 마르코 페레즈
189,그레텔과 헨젤,https://www.kobis.or.kr/common/mast/movie/2020/06/265a49c710c348dda771cdcbb2d0d21a.jpg,그레텔과 헨젤.jpg,20208182,"장편 | 일반영화 | 판타지, 미스터리 | 87분 33초 | 15세이상관람가 | 캐나다",2D,[주연] 소피아 릴리스 | 앨리스 크리지
190,주키퍼스 와이프,https://www.kobis.or.kr/common/mast/movie/2017/09/45af1609058c458388111a59127aaf07.jpg,주키퍼스 와이프.jpg,20175943,"장편 | 예술영화 | 드라마, 전쟁 | 126분 17초 | 12세이상관람가 | 미국, 영국",2D,[주연] 제시카 차스테인(안토니나) | 다니엘 브륄(헥) | 요한 헬덴베르그(얀)
191,최종병기 활 감독확장판,https://www.kobis.or.kr/upload/up_img/2011/10/mov_FCJ293_20111011171110_1.jpg,최종병기 활 감독확장판.jpg,20112911,"장편 | 일반영화 | 사극, 액션 | 128분 0초 | 청소년관람불가 | 한국","필름,2D",[주연] 박해일(남이) | 류승룡 | 김무열(서군) | 문채원 | 오타니 료헤이
192,야곱 신부의 편지,https://www.kobis.or.kr/common/mast/movie/2012/12/c992d97831f4463cb83cdd1e10a92302.1,야곱 신부의 편지.jpg,20125766,장편 | 예술영화 | 드라마 | 74분 0초 | 12세이상관람가 | 핀란드,"필름,2D",[주연] 카리나 하자드(레이라) | 헤이키 노우시아이넨(파더 자콥)
193,지미스 홀,https://www.kobis.or.kr/common/mast/movie/2014/09/5798bfc94e944451a39168950b913246.jpg,지미스 홀.jpg,20141206,"장편 | 예술영화 | 드라마 | 109분 0초 | 12세이상관람가 | 영국, 아일랜드, 프랑스","필름,2D",[주연] 배리 워드 | 시모네 커비 | 앤드류 스캇 | 짐 노튼
194,핫 썸머 나이츠,https://www.kobis.or.kr/common/mast/movie/2018/10/772d3f5b3a2d451db010678e33ccefd1.jpg,핫 썸머 나이츠.jpg,20181163,장편 | 예술영화 | 드라마 | 107분 4초 | 15세이상관람가 | 미국,2D,[주연] 티모시 샬라메(다니엘) | 마이카 먼로(맥케일라) | 알렉스 로(헌터)
195,더 게스트,https://www.kobis.or.kr/common/mast/movie/2018/09/530d7e7a84aa4ad7917070d4290d53b5.jpg,더 게스트.jpg,20188567,"장편 | 예술영화 | 공포(호러), 스릴러 | 88분 46초 | 청소년관람불가 | 스페인",2D,[주연] 레이첼 니콜스 | 로라 해링
196,청춘 돼지는 꿈꾸는 소녀의 꿈을 꾸지 않는다,https://www.kobis.or.kr/common/mast/movie/2019/08/b78d570ec0584029a301ca9851bec065.png,청춘 돼지는 꿈꾸는 소녀의 꿈을 꾸지 않는다.jpg,20194945,"장편 | 일반영화 | 애니메이션, 드라마 | 90분 6초 | 12세이상관람가 | 일본",2D,[주연] 이시카와 카이토(아즈사가와 사쿠타) | 미나세 이노리(마키노하라 쇼코) | 세토 아사미(사쿠라지마 마이)
197,멜리스,https://www.kobis.or.kr/common/mast/movie/2016/01/1605a333efa542ccbe7c45e91f92520b.jpg,멜리스.jpg,20157441,"장편 | 예술영화 | 공포(호러), 스릴러 | 95분 43초 | 15세이상관람가 | 한국",2D,[주연] 홍수아(최가인) | 임성언(박은정) | 양명헌(송우진) | 김하유(송서아) | 양도현(송우진)
198,슈퍼히어로,https://www.kobis.or.kr/common/mast/movie/2013/07/27dfdfa58c84413e858cc7814a8d439e.jpg,슈퍼히어로.jpg,20139821,"장편 | 일반영화 | 애니메이션, SF, 어드벤처 | 67분 58초 | 전체관람가 | 페루","필름,2D",
199,오 루시!,https://www.kobis.or.kr/common/mast/movie/2018/06/daa2abe847e1495d8de37994fc6c3a22.jpg,오 루시!.jpg,20185521,"장편 | 예술영화 | 멜로/로맨스, 코미디 | 95분 29초 | 15세이상관람가 | 미국",2D,[주연] 테라지마 시노부 | 조쉬 하트넷 | 야쿠쇼 코지
200,황제펭귄 펭이와 솜이,https://www.kobis.or.kr/common/mast/movie/2014/08/637732e24cd94f1592fb76dd22be1ae0.jpg,황제펭귄 펭이와 솜이.jpg,20124933,장편 | 예술영화 | 다큐멘터리 | 79분 0초 | 전체관람가 | 한국,"필름,2D,3D",[주연] 송중기(내레이션)
201,타이치0 3D,https://www.kobis.or.kr/common/mast/movie/2013/06/22d43e6dc7e74e2b80681525f9da63ba.jpg,타이치0 3D.jpg,20139081,"장편 | 일반영화 | 코미디, 액션 | 98분 1초 | 12세이상관람가 | 홍콩","필름,2D,3D",[주연] 원효초(로선) | 안젤라 베이비(진옥랑) | 펑위옌 | 양가휘 | 오언조
202,걸후드,https://www.kobis.or.kr/common/mast/movie/2020/10/6fc76c16fcfa455488c0f815f6da3267.jpg,걸후드.jpg,20205969,장편 | 예술영화 | 드라마 | 113분 22초 | 12세이상관람가 | 프랑스,2D,[주연] 카리자 투레 | 아사 실라 | 마리투 투레 | 린지 카라모
203,해피 해피 브레드,https://www.kobis.or.kr/common/mast/movie/2012/05/6a9b289535734a1c82180d86308f1f4c.jpg,해피 해피 브레드.jpg,20126446,장편 | 예술영화 | 드라마 | 114분 0초 | 전체관람가 | 일본,"필름,2D",[주연] 하라다 토모요(미즈시마 리에) | 오오이즈미 요(미즈시마 상)
204,조난자들,https://www.kobis.or.kr/common/mast/movie/2014/02/ca395faf72e14f4b91204c9597fb9d0d.jpg,조난자들.jpg,20131841,"장편 | 예술영화 | 미스터리, 스릴러 | 98분 6초 | 15세이상관람가 | 한국","필름,2D",[주연] 전석호 | 오태경(학수)
205,살인마 잭의 집,https://www.kobis.or.kr/common/mast/movie/2019/02/b705c78dd6244111b0fd5109c7532a79.jpg,살인마 잭의 집.jpg,20185603,"장편 | 예술영화 | 드라마, 공포(호러), 스릴러 | 152분 16초 | 청소년관람불가 | 덴마크",2D,[주연] 맷 딜런 | 브루노 간츠 | 우마 서먼 | 라일리 코프
206,출동! 소방관 샘: 외계인 대소동,https://www.kobis.or.kr/common/mast/movie/2018/10/29121de3a6e242b2a10f7b2374039610.jpg,출동! 소방관 샘- 외계인 대소동.jpg,20180664,장편 | 일반영화 | 애니메이션 | 62분 44초 | 전체관람가 | 영국,2D,[주연] 조연우(샘 소방관(한국어 목소리)) | 신정훈(노먼 프라이스(한국어 목소리)) | 박상우(더글러스(한국어 목소리)) | 방지원(제임스(한국어 목소리)) | 송영인(사라(한국어 목소리)) | 오은수(맨디(한국어 목소리)) | 데이비드 테넌트 | 나이젤 휘트미 | 스티브 킨맨
207,수상한 이웃,https://www.kobis.or.kr/common/mast/movie/2019/09/70f2e54f23a6457b8032e95af9cc7585.jpg,수상한 이웃.jpg,20183848,장편 | 독립영화 | 코미디 | 100분 40초 | 12세이상관람가 | 한국,2D,[주연] 오지호(태성) | 오광록(덕만) | 손다솜(은서) | 윤성모(민우) | 유다미(희정) | 안지환(영식) | 영민(현수) | 강희(정욱)
208,심플 라이프,https://www.kobis.or.kr/common/mast/movie/2012/12/8fb303eb5f1347f384e123408cf7acb7.jpg,심플 라이프.jpg,20121095,장편 | 예술영화 | 드라마 | 118분 0초 | 전체관람가 | 홍콩,"필름,2D",[주연] 유덕화 | 엽덕한
209,아뉴스 데이,https://www.kobis.or.kr/common/mast/movie/2017/03/10f288f5dfc74919b283abaae82c9a85.jpg,아뉴스 데이.jpg,20170421,장편 | 예술영화 | 드라마 | 115분 22초 | 15세이상관람가 | 프랑스,2D,[주연] 루 드 라쥬
210,키즈모노가타리 III : 냉혈편,https://www.kobis.or.kr/common/mast/movie/2017/05/2c9880295c594a9ca5aefcb9812d3627.jpg,키즈모노가타리 III - 냉혈편.jpg,20173721,"장편 | 일반영화 | 애니메이션, 드라마, 액션, 판타지 | 83분 4초 | 15세이상관람가 | 일본",2D,[주연] 카미야 히로시(아라라기 코요미) | 사카모토 마아야(키스샷 아세롤라오리온 하트 언더 블레이드) | 호리에 유이(하네카와 츠바사) | 사쿠라이 타카히로(오시노 메메)
211,좋은 사람,https://www.kobis.or.kr/common/mast/movie/2021/08/c4bf6147bc81400f998afdbcf61f93a7.jpg,좋은 사람.jpg,20209138,"장편 | 예술,독립 영화 | 미스터리 | 101분 26초 | 12세이상관람가 | 한국",2D,[주연] 김태훈(경석) | 이효제(세익) | 김현정(지현) | 김종구(형섭) | 박채은(윤희)
212,팬텀: 더 뮤지컬 라이브,https://www.kobis.or.kr/common/mast/movie/2021/11/795c5306a6e0465da520d68787d8f369.jpg,팬텀- 더 뮤지컬 라이브.jpg,20211487,"장편 | 일반영화 | 뮤지컬, 공연 | 177분 0초 | 12세이상관람가 | 한국",2D,[주연] 조규현 | 임선혜 | 윤영석 | 신영숙 | 에녹 | 임기홍 | 김주원 | 윤전일
213,카이트,https://www.kobis.or.kr/common/mast/movie/2015/06/3ed2852bb0774367a9b0861df0edea57.jpg,카이트.jpg,20150841,"장편 | 일반영화 | 범죄, 액션 | 89분 28초 | 청소년관람불가 | 미국","필름,2D",[주연] 사무엘 L. 잭슨 | 인디아 아이슬리 | 캘런 맥오리피
214,곤충왕국 3D,https://www.kobis.or.kr/common/mast/movie/2014/07/6649fb6f24d34397b3ff859c84fc6690.jpg,곤충왕국 3D.jpg,20149962,장편 | 예술영화 | 다큐멘터리 | 85분 1초 | 전체관람가 | 한국,"필름,2D,3D",[주연] 김성주 | 김민국 | 김민율
215,스피릿,https://www.kobis.or.kr/common/mast/movie/2021/08/4d855c324bce44b4887321af1d4aae36.jpg,스피릿.jpg,20219892,"장편 | 일반영화 | 애니메이션, 어드벤처 | 87분 42초 | 전체관람가 | 미국",2D,[주연] 이사벨라 머세드(럭키 프레스콧) | 줄리안 무어(코라 고모) | 제이크 질렌할(짐 프레스콧) | 마르사이 마틴(프루 그레인저) | 맥케나 그레이스(아비게일 스톤)
216,목격자-눈이 없는 아이,https://www.kobis.or.kr/common/mast/movie/2020/01/0bab7c97550c4507b49045abf879ab37.jpg,목격자-눈이 없는 아이.jpg,20193364,장편 | 예술영화 | 공포(호러) | 87분 6초 | 15세이상관람가 | 중국,2D,[주연] 홍수아 | 이아남 | 링옌
217,라스트 풀 메저,https://www.kobis.or.kr/common/mast/movie/2020/05/c2d7521c6c7341f595687a3c863d33c6.jpg,라스트 풀 메저.jpg,20208663,"장편 | 예술영화 | 드라마, 전쟁 | 115분 48초 | 15세이상관람가 | 미국",2D,[주연] 세바스찬 스탠 | 사무엘 L. 잭슨 | 크리스토퍼 플러머 | 윌리엄 허트
218,나루토 질풍전 극장판 4 - 더 로스트 타워,https://www.kobis.or.kr/common/mast/movie/2011/12/708a24bb81ee47d49462b125b603dfd4.jpg,나루토 질풍전 극장판 4 - 더 로스트 타워.jpg,20101283,장편 | 일반영화 | 애니메이션 | 85분 0초 | 전체관람가 | 일본,필름,[주연] 이노우에 카즈히코 | 모리카와 토시유키 | 나카무라 치에  | 타케우치 준코
219,공동정범,https://www.kobis.or.kr/common/mast/movie/2018/01/61307fc5568746549f7f4ae4558914d0.jpg,공동정범.jpg,20169443,"장편 | 예술,독립 영화 | 다큐멘터리 | 106분 7초 | 15세이상관람가 | 한국",2D,[주연] 이충연 | 김주환(본인역) | 김창수 | 천주석 | 지석준
220,마일스,https://www.kobis.or.kr/common/mast/movie/2016/08/b030112a4afa4c8f8ef0f40622f477e9.jpg,마일스.jpg,20166023,장편 | 예술영화 | 드라마 | 100분 7초 | 청소년관람불가 | 미국,2D,[주연] 돈 치들 | 이완 맥그리거 | 마이클 스털버그
221,극장판 메이저 : 우정의 강속구,https://www.kobis.or.kr/upload/up_img/2011/07/mov_6541FH_20110711130708_1.jpg,극장판 메이저 - 우정의 강속구.jpg,20111533,장편 | 일반영화 | 애니메이션 | 104분 0초 | 전체관람가 | 일본,"필름,2D",[주연] 쿠마이 모토코 | 모리쿠보 쇼타로
222,닐스의 모험,https://www.kobis.or.kr/common/mast/movie/2014/01/7ea61649f1544383b7f43faad06adaa7.jpg,닐스의 모험.jpg,20147559,"장편 | 예술영화 | 애니메이션, 어드벤처, 판타지, 가족 | 96분 45초 | 전체관람가 | 일본","필름,2D",
223,몽키킹2: 서유기 여정의 시작,https://www.kobis.or.kr/common/mast/movie/2016/04/56b31a607ef64755b6571f1460d6962b.jpg,몽키킹2- 서유기 여정의 시작.jpg,20163441,"장편 | 일반영화 | 액션, 판타지 | 119분 0초 | 12세이상관람가 | 중국",2D,[주연] 곽부성 | 공리 | 풍소봉 | 진혜림
224,라우더 댄 밤즈,https://www.kobis.or.kr/common/mast/movie/2016/10/90999a9bd4134aaf964b050459ed0c8d.jpg,라우더 댄 밤즈.jpg,20161502,"장편 | 예술영화 | 드라마 | 108분 48초 | 15세이상관람가 | 노르웨이, 프랑스, 덴마크",2D,[주연] 제시 아이젠버그 | 이자벨 위페르 | 가브리엘 번
225,와즈다,https://www.kobis.or.kr/common/mast/movie/2014/05/6579c2f4b7524846b1a45669b1ec4eb5.jpg,와즈다.jpg,20148762,"장편 | 예술영화 | 드라마 | 97분 34초 | 전체관람가 | 기타, 독일","필름,2D",[주연] 와드 모하메드
226,익스트림 No.13,https://www.kobis.or.kr/common/mast/movie/2012/08/5bcfee22058b46c18fdcad06469c1fc0.jpg,익스트림 No.13.jpg,20129227,장편 | 일반영화 | 스릴러 | 90분 0초 | 청소년관람불가 | 미국,"필름,2D",[주연] 제이슨 스타뎀(재스퍼) | 알렉산더 스카스가드(잭) | 미키 루크(제퍼슨) | 50 센트(지미) | 레이 윈스톤(로널드 린) | 샘 라일리(빈스)
227,스파이의 아내,https://www.kobis.or.kr/common/mast/movie/2021/03/4545ce5e427c4f3493d7a50da1b818f2.jpg,스파이의 아내.jpg,20216372,장편 | 예술영화 | 드라마 | 116분 13초 | 12세이상관람가 | 일본,2D,[주연] 아오이 유우 | 타카하시 잇세이 | 히가시데 마사히로
228,토이 솔져스: 가짜사나이2 더 컴플리트,https://www.kobis.or.kr/common/mast/movie/2021/01/ebcc45f8c3144b23bfb7dd1954b2abbb.jpg,토이 솔져스- 가짜사나이2 더 컴플리트.jpg,20215041,장편 | 일반영화 | 다큐멘터리 | 112분 3초 | 15세이상관람가 | 한국,"2D,4D,ScreenX",[주연] 김병지 | 줄리엔 강 | 힘의길 | 이과장 | 곽윤기 | 손민수 | 까로 | 지기 | 조재원 | 머독 | 윽박 | 홍구 | 오현민 | 샘김
229,소라닌,https://www.kobis.or.kr/common/mast/movie/2013/06/8876168afcab4912ace3dedbcc0d4122.jpg,소라닌.jpg,20100775,장편 | 예술영화 | 드라마 | 125분 0초 | 12세이상관람가 | 일본,"필름,2D",[주연] 고라 겐고 | 미야자키 아오이(메이코)
230,무산일기,https://www.kobis.or.kr/upload/up_img/2011/04/mov_3DAGJI_20110408134357_1.jpg,무산일기.jpg,20101242,장편 | 예술영화 | 드라마 | 127분 0초 | 15세이상관람가 | 한국,"필름,2D",[주연] 박정범(승철) | 진용욱(경철) | 강은진(숙영)
231,춤추는 꿈틀이 밴드,https://www.kobis.or.kr/upload/up_img/cleansing/11/mov_20100011_3.jpg,춤추는 꿈틀이 밴드.jpg,20100011,"장편 | 일반영화 | 애니메이션, 가족, 코미디 | 80분 0초 | 전체관람가 | 덴마크, 독일","필름,2D",[주연] 엄상현(배리) | 이장원(티토) | 조현정(도나)
232,교실 안의 야크,https://www.kobis.or.kr/common/mast/movie/2020/09/5f1cc998b0a34e39a69fdcf5409ed108.jpg,교실 안의 야크.jpg,20204990,장편 | 예술영화 | 드라마 | 109분 26초 | 전체관람가 | 기타,2D,
233,오션스: 문어구출대작전,https://www.kobis.or.kr/common/mast/movie/2019/08/43a75d1cce094d9da2cce28296a7d99c.jpg,오션스- 문어구출대작전.jpg,20193743,장편 | 일반영화 | 애니메이션 | 66분 5초 | 전체관람가 | 중국,2D,[주연] 남도형(폴 목소리) | 김소희(제시 목소리) | 강은애(써니 목소리) | 김경희(핑키 목소리) | 민아(투투 목소리) | 김보나(해마 목소리) | 서반석(샤크스킨 목소리) | 이창민(펭귄 목소리)
234,블러바드,https://www.kobis.or.kr/common/mast/movie/2021/01/52876f4e467941b89c2fcfeb903d545b.jpg,블러바드.jpg,20151962,장편 | 예술영화 | 드라마 | 88분 14초 | 15세이상관람가 | 미국,2D,[주연] 로빈 윌리엄스 | 로베르토 어과이어 | 캐시 베이커 | 봅 오덴커크
235,내가 죽기 전에,https://www.kobis.or.kr/common/mast/movie/2017/12/816c55a57c724ceda0b179e2253b4101.jpg,내가 죽기 전에.jpg,20178403,"장편 | 일반영화 | 공포(호러), 스릴러 | 112분 30초 | 15세이상관람가 | 미국",2D,[주연] 로버트 맥키헨
236,바티칸 뮤지엄,https://www.kobis.or.kr/common/mast/movie/2014/12/79f40490d02c4a4482c1e8b706fc2055.jpg,바티칸 뮤지엄.jpg,20144522,장편 | 예술영화 | 다큐멘터리 | 65분 48초 | 전체관람가 | 이탈리아,"필름,2D,3D,4D",[주연] 채시라(내레이션)
237,우리는 같은 꿈을 꾼다,https://www.kobis.or.kr/common/mast/movie/2017/11/ffb925e1935f4d08a55af03e87a006ee.jpg,우리는 같은 꿈을 꾼다.jpg,20175143,장편 | 예술영화 | 드라마 | 115분 36초 | 청소년관람불가 | 헝가리,2D,[주연] 게자 모르산이 | 알렉상드라 보르벨리
238,두 개의 사랑,https://www.kobis.or.kr/common/mast/movie/2017/12/812748e36e8a496ea9f9127cdff8d263.jpg,두 개의 사랑.jpg,20175023,장편 | 예술영화 | 스릴러 | 108분 14초 | 청소년관람불가 | 프랑스,2D,[주연] 마린 백트 | 제레미 레니에
239,스파이즈,https://www.kobis.or.kr/common/mast/movie/2020/01/17bd61bc313649a4a0ea39505aa09079.jpg,스파이즈.jpg,20192987,장편 | 일반영화 | 애니메이션 | 98분 49초 | 전체관람가 | 프랑스,2D,
240,꼬마 물고기 이자벨: 바다 대모험,https://www.kobis.or.kr/common/mast/movie/2019/07/cf9dc479d2bb4045b9d44b89aececaa4.jpg,꼬마 물고기 이자벨- 바다 대모험.jpg,20175762,장편 | 예술영화 | 애니메이션 | 74분 23초 | 전체관람가 | 미국,2D,
241,화이트데이: 부서진 결계,https://www.kobis.or.kr/common/mast/movie/2021/10/f21d021a211d44ebb544daa285744713.jpg,화이트데이- 부서진 결계.jpg,20191503,장편 | 일반영화 | 공포(호러) | 90분 5초 | 15세이상관람가 | 한국,2D,[주연] 강찬희(희민) | 박유나(소영) | 장솜이(유지민) | 이혜란(김성아) | 정교림(설지현) | 장광(무영)
242,엔드 오브 왓치,https://www.kobis.or.kr/common/mast/movie/2012/11/399b21e245984d079e6ca7f0c70d6897.jpg,엔드 오브 왓치.jpg,20121923,"장편 | 일반영화 | 범죄, 드라마, 미스터리, 스릴러, 액션 | 109분 0초 | 청소년관람불가 | 미국","필름,2D",[주연] 제이크 질렌할(테일러) | 마이클 페나(자발라)
243,디어 마이 프렌드,https://www.kobis.or.kr/common/mast/movie/2019/09/12c1e10923574c9b9877414382b69217.jpg,디어 마이 프렌드.jpg,20195081,장편 | 예술영화 | 드라마 | 96분 43초 | 12세이상관람가 | 미국,2D,[주연] 에이사 버터필드 | 메이지 윌리암스 | 니나 도브레브
244,손오공: 돌원숭이의 탄생,https://www.kobis.or.kr/common/mast/movie/2012/08/8bd9518857384e2ca3190e48f55efc81.jpg,손오공- 돌원숭이의 탄생.jpg,20128977,장편 | 일반영화 | 애니메이션 | 95분 0초 | 전체관람가 | 일본,"필름,2D",[주연] 안현서(손오공) | 유카
245,사랑이 이끄는 대로,https://www.kobis.or.kr/common/mast/movie/2016/08/033403dbf8004f9d9c94b344dfb85c45.jpg,사랑이 이끄는 대로.jpg,20168446,장편 | 예술영화 | 코미디 | 114분 4초 | 청소년관람불가 | 프랑스,2D,[주연] 장 뒤자르댕 | 엘자 질버스타인
246,모래가 흐르는 강,https://www.kobis.or.kr/common/mast/movie/2013/03/2f2e7ca8ba584c0798c8b4b7453a1cba.jpg,모래가 흐르는 강.jpg,20136281,"장편 | 예술,독립 영화 | 다큐멘터리 | 73분 23초 | 전체관람가 | 한국","필름,2D",[프로듀서] 김일권
247,퇴마전: 마령검의 비밀,https://www.kobis.or.kr/common/mast/movie/2015/08/4073f1d9735c46bc818db7cf97436b01.jpg,퇴마전- 마령검의 비밀.jpg,20154207,"장편 | 일반영화 | 판타지 | 117분 43초 | 15세이상관람가 | 중국, 홍콩, 미국","필름,2D",[주연] 천쿤 | 리빙빙 | 조문선 | 포패이
248,토이무비: 미래대모험,https://www.kobis.or.kr/common/mast/movie/2018/08/2f8f93007fc64578bcb73496004bc3bc.jpg,토이무비- 미래대모험.jpg,20189806,"장편 | 예술영화 | 애니메이션, 어드벤처 | 86분 4초 | 전체관람가 | 중국",2D,[주연] 남도형 | 윤아영 | 서원석 | 김성화
249,써드 퍼슨 - 감독판,https://www.kobis.or.kr/common/mast/movie/2015/05/11d14471879544e0be1a5ab72fdf7c95.jpg,써드 퍼슨 - 감독판.jpg,20159101,"장편 | 예술영화 | 드라마, 미스터리, 멜로/로맨스 | 121분 59초 | 청소년관람불가 | 미국","필름,2D",[주연] 리암 니슨 | 밀라 쿠니스 | 애드리언 브로디 | 올리비아 와일드 | 제임스 프랭코
250,밤쉘,https://www.kobis.or.kr/common/mast/movie/2018/05/fbc0f728251f4de99d025ac07876d981.jpg,밤쉘.jpg,20182121,장편 | 예술영화 | 다큐멘터리 | 88분 17초 | 15세이상관람가 | 미국,2D,[주연] 헤디 라머
251,룩 어웨이,https://www.kobis.or.kr/common/mast/movie/2019/07/a8e4e7a0fd4d4de899ae5baedd75b20f.jpg,룩 어웨이.jpg,20193682,"장편 | 예술영화 | 공포(호러), 스릴러 | 101분 55초 | 15세이상관람가 | 캐나다",2D,[주연] 제이슨 아이삭스 | 미라 소르비노 | 인디아 아이슬리 | 페넬로페 미첼 | 해리슨 길벗슨
252,비지터,https://www.kobis.or.kr/common/mast/movie/2012/12/cc6ecba2abbb487e8c4e562dbd230abd.jpg,비지터.jpg,20081818,"장편 | 예술영화 | 드라마, 코미디 | 104분 0초 | 전체관람가 | 미국","필름,2D",[주연] 리차드 젠킨스 | 하즈 슬레이만 | 다네이 거라이라 | 히암 압바스
253,나의 살던 고향은,https://www.kobis.or.kr/common/mast/movie/2016/11/7ab9f75e1cae40ce95e8f7b709e0862d.jpg,나의 살던 고향은.jpg,20162608,"장편 | 예술,독립 영화 | 다큐멘터리 | 94분 19초 | 전체관람가 | 한국",2D,[주연] 김용옥
254,파워캐치 완다: 버그본의 지구 습격,https://www.kobis.or.kr/common/mast/movie/2017/02/1aa8681d65544b1b9db887c4af8761ca.jpg,파워캐치 완다- 버그본의 지구 습격.jpg,20172001,"장편 | 일반영화 | 애니메이션, 액션, 어드벤처 | 83분 23초 | 전체관람가 | 일본",2D,
255,루팡 3세: 더 퍼스트,https://www.kobis.or.kr/common/mast/movie/2020/05/9661226300b34dac9ea557b054bfff05.jpg,루팡 3세- 더 퍼스트.jpg,20208265,장편 | 일반영화 | 애니메이션 | 92분 52초 | 전체관람가 | 일본,"2D,4D",[주연] 쿠리타 카니치(루팡3세) | 히로세 스즈 | 후지와라 타츠야
256,더 컨덕터,https://www.kobis.or.kr/common/mast/movie/2019/10/eff2c1f9c0644f488367e7bf537ad8aa.jpg,더 컨덕터.jpg,20195901,장편 | 예술영화 | 드라마 | 139분 17초 | 12세이상관람가 | 네덜란드,2D,[주연] 크리스탄 드 브루인 | 벤자민 웨인라이트 | 스캇 터너 스코필드
257,이웃집 스타,https://www.kobis.or.kr/common/mast/movie/2017/09/99b1a33a2d6041d8a6cd79317c32dc6b.jpg,이웃집 스타.jpg,20172964,장편 | 일반영화 | 코미디 | 98분 16초 | 12세이상관람가 | 한국,2D,[주연] 한채영 | 진지희 | 임슬옹
258,라이크 크레이지,https://www.kobis.or.kr/common/mast/movie/2018/05/dc4a4cb0cf4742fa99c7b457e488be06.jpg,라이크 크레이지.jpg,20136376,"장편 | 예술영화 | 드라마, 멜로/로맨스 | 90분 1초 | 12세이상관람가 | 미국",2D,[주연] 안톤 옐친(제이콥 역) | 펠리시티 존스(애나 역) | 제니퍼 로렌스(샘 역)
259,"혜화, 동",https://www.kobis.or.kr/upload/up_img/2011/02/mov_D4C1B3_20110211111629_1.jpg,"혜화, 동.jpg",20101232,장편 | 예술영화 | 드라마 | 108분 0초 | 15세이상관람가 | 한국,"필름,2D",[주연] 유다인(혜화) | 유연석(한수) | 박혁권(정헌)
260,아이스맨,https://www.kobis.or.kr/common/mast/movie/2014/03/1ae3da3adc764ae0b31c765c510f7d8e.jpg,아이스맨.jpg,20147690,"장편 | 일반영화 | 범죄, 드라마, 스릴러 | 105분 25초 | 청소년관람불가 | 미국",2D,[주연] 크리스 에반스 | 마이클 섀넌 | 위노나 라이더
261,말리,https://www.kobis.or.kr/common/mast/movie/2012/07/15e42d62b157445bacb141de70e7d327.jpg,말리.jpg,20126621,"장편 | 예술영화 | 드라마, 다큐멘터리 | 120분 0초 | 12세이상관람가 | 미국, 영국","필름,2D",
262,잔칫날,https://www.kobis.or.kr/common/mast/movie/2020/11/b13aa0c8e28c4618a374dcf944448184.jpg,잔칫날.jpg,20197853,"장편 | 예술,독립 영화 | 드라마, 가족 | 108분 0초 | 12세이상관람가 | 한국",2D,[주연] 하준(경만) | 소주연(경미)
263,일곱 개의 대죄 : 천공의 포로,https://www.kobis.or.kr/common/mast/movie/2018/11/900143475b134f8f8e6d296fa712c14d.jpg,일곱 개의 대죄 - 천공의 포로.jpg,20183286,"장편 | 일반영화 | 애니메이션, 판타지 | 99분 16초 | 15세이상관람가 | 일본",2D,[연출팀] 카와노 아야코
264,더 미드와이프,https://www.kobis.or.kr/common/mast/movie/2018/02/1d34c069ddb84ac48f9712aca9b03545.jpg,더 미드와이프.jpg,20175625,"장편 | 예술영화 | 드라마, 코미디 | 116분 55초 | 15세이상관람가 | 프랑스",2D,[주연] 까뜨린느 프로 | 까뜨린느 드뇌브
265,택시 5,https://www.kobis.or.kr/common/mast/movie/2018/11/af6197be62bd4ab7b31755d23a8a0c28.jpg,택시 5.jpg,20183564,"장편 | 일반영화 | 액션, 어드벤처, 코미디 | 102분 1초 | 15세이상관람가 | 프랑스",2D,[주연] 프랑크 가스탐비드 | 베르나르 파시
266,미스터 존스,https://www.kobis.or.kr/common/mast/movie/2020/12/361554d2d6ba42ea95faccffd2ad9a13.jpg,미스터 존스.jpg,20200512,"장편 | 예술영화 | 드라마, 스릴러 | 118분 24초 | 15세이상관람가 | 폴란드",2D,[주연] 제임스 노턴 | 바네사 커비 | 피터 사스가드
267,"다시, 뜨겁게 사랑하라!",https://www.kobis.or.kr/common/mast/movie/2012/12/98118793f6494364aaee5627c7074c40.jpg,"다시, 뜨겁게 사랑하라!.jpg",20122005,"장편 | 예술영화 | 드라마, 멜로/로맨스 | 116분 0초 | 15세이상관람가 | 덴마크, 스웨덴","필름,2D",[주연] 피어스 브로스넌(필립 ) | 트린 디어홈 | 파프리카 스틴
268,시크릿 슈퍼스타,https://www.kobis.or.kr/common/mast/movie/2019/09/7453eb8541d84782a810b5ee9bf35586.jpg,시크릿 슈퍼스타.jpg,20180064,"장편 | 예술영화 | 코미디, 드라마 | 149분 40초 | 12세이상관람가 | 인도",2D,[주연] 아미르 칸 | 자이라 와심 | 메헤르 비지
269,레더페이스,https://www.kobis.or.kr/common/mast/movie/2017/12/cb9fdf6bc5c946eeb12a94504187e8cf.jpg,레더페이스.jpg,20177750,"장편 | 예술영화 | 공포(호러), 스릴러 | 87분 19초 | 청소년관람불가 | 캐나다",2D,[주연] 스티븐 도프 | 릴리 테일러
270,파리 폴리,https://www.kobis.or.kr/common/mast/movie/2015/02/a41949d88a4f42e3b54a9888ad3f32b8.jpg,파리 폴리.jpg,20143941,장편 | 예술영화 | 드라마 | 98분 38초 | 15세이상관람가 | 프랑스,"필름,2D",[주연] 이자벨 위페르 | 장 피에르 다루셍
271,제 7기사단,https://www.kobis.or.kr/common/mast/movie/2015/08/f519488d20b24966a7a2796e23802547.jpg,제 7기사단.jpg,20153422,"장편 | 일반영화 | 액션, 어드벤처 | 114분 42초 | 15세이상관람가 | 한국, 미국","필름,2D",[주연] 클라이브 오웬(레이든) | 모건 프리먼(바톡) | 안성기 | 엑셀 헨니(게자 못)
272,극장판 빰바라빤쮸: 바나나 왕국의 비밀,https://www.kobis.or.kr/common/mast/movie/2017/01/bbc5d3e4666640e28fa6013001bf1840.jpg,극장판 빰바라빤쮸- 바나나 왕국의 비밀.jpg,20179301,"장편 | 일반영화 | 애니메이션, 어드벤처 | 63분 15초 | 전체관람가 | 일본",2D,[주연] 김율(빰바돈 역) | 황원(할아버지/임금님/빤쮸의 신 역) | 사문영(엄마페즈/개아내/도기엄마 역) | 윤세웅(도기/진행자/개남편/게2 역)
273,쓰리 세컨즈,https://www.kobis.or.kr/common/mast/movie/2019/06/20f95c298db04911b56c798636582256.jpg,쓰리 세컨즈.jpg,20198526,장편 | 일반영화 | 드라마 | 133분 51초 | 12세이상관람가 | 러시아,2D,[주연] 블라디미르 마쉬코프 | 존 사베지
274,영웅본색4,https://www.kobis.or.kr/common/mast/movie/2018/02/bb866baf8a2c482cbbe9796ec0d78a42.jpg,영웅본색4.jpg,20181762,"장편 | 예술영화 | 액션, 스릴러 | 113분 47초 | 15세이상관람가 | 중국",2D,[주연] 왕대륙 | 왕카이
275,파라노만,https://www.kobis.or.kr/common/mast/movie/2013/01/c586e6bfbd2e45619d2e0bc9fe632460.jpg,파라노만.jpg,20113917,장편 | 일반영화 | 애니메이션 | 93분 0초 | 12세이상관람가 | 미국,"필름,2D,3D",[주연] 레슬리 만 | 안나 켄드릭 | 케이시 애플렉
276,살아남은 아이,https://www.kobis.or.kr/common/mast/movie/2018/08/4d962bd8f3864d4b8af7c1ba5c333417.jpg,살아남은 아이.jpg,20173732,"장편 | 예술,독립 영화 | 드라마 | 123분 44초 | 12세이상관람가 | 한국",2D,[주연] 최무성(성철) | 김여진(이미숙) | 성유빈(윤기현)
277,"사랑해, 매기",https://www.kobis.or.kr/common/mast/movie/2016/07/68467448e1324fc4a46dbfbcb99a9bf4.jpg,"사랑해, 매기.jpg",20140281,"장편 | 예술영화 | 코미디, 드라마 | 107분 12초 | 15세이상관람가 | 멕시코",2D,[주연] 에우헤니오 데르베스
278,정말 먼 곳,https://www.kobis.or.kr/common/mast/movie/2021/02/14033ec154d84843870d8589123189cd.jpg,정말 먼 곳.jpg,20200364,"장편 | 예술,독립 영화 | 드라마 | 115분 0초 | 12세이상관람가 | 한국",2D,[주연] 강길우(진우) | 홍경(현민) | 이상희(은영) | 기주봉(중만)
279,비뚤어진 집,https://www.kobis.or.kr/common/mast/movie/2019/08/b994ee761b9748b58ab58fa7472f998f.jpg,비뚤어진 집.jpg,20189077,"장편 | 예술영화 | 범죄, 드라마, 미스터리 | 115분 3초 | 15세이상관람가 | 영국",2D,[주연] 글렌 클로즈 | 테렌스 스탬프 | 맥스 아이언스 | 질리언 앤더슨 | 크리스티나 헨드릭스
280,직지코드,https://www.kobis.or.kr/common/mast/movie/2017/06/8b569408c01b4ff982a8cf7af9bb1c25.jpg,직지코드.jpg,20174243,"장편 | 예술,독립 영화 | 다큐멘터리 | 102분 24초 | 전체관람가 | 한국",2D,[주연] 김민웅 | 데이빗 레드먼(데이빗) | 명사랑 아네스(사랑)
281,해피타임 스파이,https://www.kobis.or.kr/common/mast/movie/2019/05/81fd631608ce4b53883af5ae9718433d.jpg,해피타임 스파이.jpg,20199954,"장편 | 예술영화 | 코미디, 범죄, 미스터리 | 91분 10초 | 청소년관람불가 | 미국",2D,[주연] 멜리사 맥카시 | 엘리자베스 뱅크스 | 마야 루돌프
282,내 남자의 순이,https://www.kobis.or.kr/upload/up_img/cleansing/77/mov_20100277_3.jpg,내 남자의 순이.jpg,20100277,장편 | 일반영화 | 코미디 | 91분 0초 | 15세이상관람가 | 한국,필름,"[주연] 박해미(시어머니, 세라) | 이태성(세라의 아들, 광수) | 신이(며느리, 라미)"
283,미래는 고양이처럼,https://www.kobis.or.kr/common/mast/movie/2012/04/b041bbac62f341709d83d578f540f6a5.jpg,미래는 고양이처럼.jpg,20113482,"장편 | 예술영화 | 드라마 | 91분 0초 | 청소년관람불가 | 미국, 독일","필름,2D",[주연] 미란다 줄리(소피) | 해미쉬 링클레이터(제이슨)
284,슈퍼레이서 엔지,https://www.kobis.or.kr/common/mast/movie/2015/08/5428c447ad2e4f3aa52d32c8cfeb6ff5.jpg,슈퍼레이서 엔지.jpg,20154323,장편 | 일반영화 | 애니메이션 | 63분 0초 | 전체관람가 | 한국,"필름,2D",[주연] 손무성(엔지(목소리)) | 최대한(라지(목소리)) | 김재정(아쿠(목소리))
285,5.18 힌츠페터 스토리,https://www.kobis.or.kr/common/mast/movie/2018/05/732b0f52b91c409b883fe5d15f3d63d8.jpg,5.18 힌츠페터 스토리.jpg,20183381,"장편 | 예술,독립 영화 | 다큐멘터리 | 94분 39초 | 12세이상관람가 | 한국",2D,[주연] 위르겐 힌츠페터 | 조성하(내레이션 )
286,퍼스트 리폼드,https://www.kobis.or.kr/common/mast/movie/2019/03/96099deab0824110a9d822afbc5d6aa9.jpg,퍼스트 리폼드.jpg,20197088,"장편 | 예술영화 | 드라마, 스릴러 | 112분 49초 | 15세이상관람가 | 미국",2D,[주연] 에단 호크 | 아만다 사이프리드
287,아키라,https://www.kobis.or.kr/common/mast/movie/2017/08/ff5f98c0c81b4fb5b19be21a289bf226.jpg,아키라.jpg,20170883,"장편 | 예술영화 | 애니메이션, SF | 124분 16초 | 15세이상관람가 | 일본",2D,
288,백투더 씨,https://www.kobis.or.kr/common/mast/movie/2014/07/e4e302eed73545d38047e8924c0b9976.jpg,백투더 씨.jpg,20149952,장편 | 예술영화 | 애니메이션 | 97분 32초 | 전체관람가 | 중국,"필름,2D",[주연] 팀 커리 | 마크 해밀 | 크리스찬 슬레이터
289,르 아브르,https://www.kobis.or.kr/upload/up_img/2011/11/mov_54GHI2_20111110163737_1.jpg,르 아브르.jpg,20113362,"장편 | 예술영화 | 드라마 | 93분 0초 | 전체관람가 | 핀란드, 프랑스, 독일","필름,2D",[주연] 안드레 윔즈 | 카티 오우티넨 | 장 피에르 레오
290,리틀 포레스트 2: 겨울과 봄,https://www.kobis.or.kr/common/mast/movie/2015/04/a3f2107b9ca74c388cb15ac7997202b1.jpg,리틀 포레스트 2- 겨울과 봄.jpg,20158518,장편 | 예술영화 | 드라마 | 120분 38초 | 12세이상관람가 | 일본,"필름,2D",[주연] 하시모토 아이 | 마츠오카 마유
291,유아 넥스트,https://www.kobis.or.kr/common/mast/movie/2014/07/8ebe4ef915ec46a3adb1e138689ca5aa.jpg,유아 넥스트.jpg,20147950,"장편 | 예술영화 | 공포(호러), 액션 | 94분 0초 | 청소년관람불가 | 미국","필름,2D",[주연] 샤니 빈슨 | AJ 보웬 | 조 스완버그 | 롭 모란
292,샤인 어 라이트(1st 지드래곤 콘서트),https://www.kobis.or.kr/upload/up_img/cleansing/01/mov_20100201_3.jpg,샤인 어 라이트(1st 지드래곤 콘서트).jpg,20100201,장편 | 일반영화 | 다큐멘터리 | 101분 0초 | 12세이상관람가 | 한국,"필름,2D",
293,데드 돈 다이,https://www.kobis.or.kr/common/mast/movie/2019/07/7c55d65e9e454a89a5ee4947c3eb9b40.jpg,데드 돈 다이.jpg,20192753,"장편 | 예술영화 | 코미디, 판타지, 공포(호러) | 104분 46초 | 15세이상관람가 | 미국",2D,[주연] 아담 드라이버 | 클로에 세비니 | 빌 머레이
294,어 퍼펙트 데이,https://www.kobis.or.kr/common/mast/movie/2017/08/f43fc447b7a24ced8a2d4ebc77a49848.jpg,어 퍼펙트 데이.jpg,,,2D,[주연] 베니치오 델 토로 | 팀 로빈스 | 올가 쿠릴렌코 | 멜라니 티에리
295,메리 셸리: 프랑켄슈타인의 탄생,https://www.kobis.or.kr/common/mast/movie/2018/11/526524b1e2654a57b403ad236690b81a.jpg,메리 셸리- 프랑켄슈타인의 탄생.jpg,,,2D,[주연] 엘르 패닝 | 메이지 윌리암스 | 더글라스 부스
296,우주로봇 씨어,https://www.kobis.or.kr/common/mast/movie/2015/02/090e99936006413891472d706204e753.jpg,우주로봇 씨어.jpg,,,"필름,2D",[주연] 엄상현 | 김성연 | 안장혁
297,워터 릴리스,https://www.kobis.or.kr/common/mast/movie/2020/07/59ad61e602fa4b748586cf054771c63b.jpg,워터 릴리스.jpg,,,"필름,2D",[주연] 아델 에넬(플로리안) | 폴린 아콰르(마리) | 루이즈 블라쉬르(안나)
298,세일즈맨,https://www.kobis.or.kr/common/mast/movie/2017/04/5b4abd4fd9664c118ffce14e6105cf46.jpg,세일즈맨.jpg,,,2D,[주연] 샤하브 호세이니 | 타라네 앨리두스티
299,킹 오브 프리즘 -샤이니 세븐 스타즈- Ⅲ 레오×유우×알렉,https://www.kobis.or.kr/common/mast/movie/2019/04/5eec104ab676439da077c75d31c87c73.jpg,킹 오브 프리즘 -샤이니 세븐 스타즈- Ⅲ 레오×유우×알렉.jpg,,,2D,
300,해피 버스데이,https://www.kobis.or.kr/common/mast/movie/2017/08/0cb62fe7533742209a74f3b85c914cdf.jpg,해피 버스데이.jpg,,,2D,[주연] 미야자키 아오이 | 하시모토 아이 | 유스케 산타마리아
301,한창나이 선녀님,https://www.kobis.or.kr/common/mast/movie/2021/09/9379a0fc0f4246e79f6d2bf82b3ac94d.jpg,한창나이 선녀님.jpg,,,2D,[주연] 임선녀(본인)
302,타다: 대한민국 스타트업의 초상,https://www.kobis.or.kr/common/mast/movie/2021/10/724c5d8af6584a38853a340c8e9a3d8c.jpg,타다- 대한민국 스타트업의 초상.jpg,,,2D,[주연] 박재욱
303,로봇 앤 프랭크,https://www.kobis.or.kr/common/mast/movie/2012/12/b7d13ddee86443cdab301cda978580fd.jpg,로봇 앤 프랭크.jpg,,,"필름,2D",[주연] 프랭크 란젤라 | 제임스 마스던 | 리브 타일러 | 수잔 서랜든 | 리브 슈라이버
304,트라이브,https://www.kobis.or.kr/common/mast/movie/2015/01/66ca2ff19cfe4f6d800a81f48f11cde3.jpg,트라이브.jpg,,,"필름,2D",[주연] 그레고리브 페센코 | 야나 노비코바
305,셉템버 이슈,https://www.kobis.or.kr/common/mast/movie/2011/12/f396c7c7fa9442469a99d4f46573daee.jpg,셉템버 이슈.jpg,,,필름,[주연] 안나 윈투어
306,빅토리아 & 압둘,https://www.kobis.or.kr/common/mast/movie/2017/09/649d7fd27bd44988a0bc408fc5e8a677.jpg,빅토리아 & 압둘.jpg,,,2D,[주연] 주디 덴치
307,폴라로이드,https://www.kobis.or.kr/common/mast/movie/2019/05/2d513564aeae4bac85937c06f2001e48.jpg,폴라로이드.jpg,,,2D,[주연] 캐서린 프레스콧 | 크리스 영
308,최선의 삶,https://www.kobis.or.kr/common/mast/movie/2021/08/da444536db7547f0a3466d6a34a2f329.jpg,최선의 삶.jpg,,,2D,[주연] 방민아(강이) | 심달기(아람) | 한성민(소영)
309,당신에게도 사랑이 다시 찾아올까요?,https://www.kobis.or.kr/common/mast/movie/2013/09/7db8aeb45c854fe69a1fc67cb0cae32d.jpg,당신에게도 사랑이 다시 찾아올까요-.jpg,,,"필름,2D",[주연] 제라드 버틀러 | 제시카 비엘 | 우마 서먼 | 캐서린 제타-존스
310,토마스와 친구들: 우정의 대모험,https://www.kobis.or.kr/common/mast/movie/2018/11/2ed73b0bd21f45e8bae3fcf7971058b3.jpg,토마스와 친구들- 우정의 대모험.jpg,,,2D,
311,어쩌다 룸메이트,https://www.kobis.or.kr/common/mast/movie/2019/10/8bd91f2e7e3940c4bc29dd8d1200d521.jpg,어쩌다 룸메이트.jpg,,,2D,[주연] 뇌가음(육명) | 동려아(소초)
312,도망친 여자,https://www.kobis.or.kr/common/mast/movie/2020/07/28b13bb04063415885a6f55434010365.jpg,도망친 여자.jpg,,,2D,[주연] 김민희(감희) | 서영화 | 송선미 | 김새벽 | 권해효 | 강이서(면접여자)
313,에이미,https://www.kobis.or.kr/common/mast/movie/2020/10/9e16828b7a4041028a15d5338c9ef869.jpg,에이미.jpg,,,"필름,2D",[주연] 에이미 와인하우스 | 마크 론슨 | 피트 도허티
314,"아이, 토냐",https://www.kobis.or.kr/common/mast/movie/2018/02/0fb92dde64214c3db7c2141de116be9c.jpg,"아이, 토냐.jpg",,,2D,[주연] 마고 로비 | 세바스찬 스탠 | 앨리슨 제니 | 보자나 노바코빅
315,킬링 카인드: 킬러의 수제자,https://www.kobis.or.kr/common/mast/movie/2021/11/65018fe631e143b4bb83e49fe18621fb.jpg,킬링 카인드- 킬러의 수제자.jpg,,,2D,[주연] 마이클 키튼(렘브란트) | 매기 큐(안나) | 사무엘 L. 잭슨(무디)
316,너와 파도를 탈 수 있다면,https://www.kobis.or.kr/common/mast/movie/2020/06/b774819723804622bbcba29bd36c27fe.jpg,너와 파도를 탈 수 있다면.jpg,,,2D,[주연] 카타요세 료타 | 카와에이 리나 | 마츠모토 호노카 | 이토 켄타로
317,수상한 교수,https://www.kobis.or.kr/common/mast/movie/2019/08/013a5160093b4aa989cc94185350e8bd.jpg,수상한 교수.jpg,,,2D,[주연] 조니 뎁 | 대니 휴스턴 | 조이 도이치
318,당신에게도 사랑이 다시 찾아올까요?,https://www.kobis.or.kr/common/mast/movie/2013/09/7db8aeb45c854fe69a1fc67cb0cae32d.jpg,당신에게도 사랑이 다시 찾아올까요-.jpg,,,"필름,2D",[주연] 제라드 버틀러 | 제시카 비엘 | 우마 서먼 | 캐서린 제타-존스
319,토마스와 친구들: 우정의 대모험,https://www.kobis.or.kr/common/mast/movie/2018/11/2ed73b0bd21f45e8bae3fcf7971058b3.jpg,토마스와 친구들- 우정의 대모험.jpg,,,2D,
320,어쩌다 룸메이트,https://www.kobis.or.kr/common/mast/movie/2019/10/8bd91f2e7e3940c4bc29dd8d1200d521.jpg,어쩌다 룸메이트.jpg,,,2D,[주연] 뇌가음(육명) | 동려아(소초)
321,도망친 여자,https://www.kobis.or.kr/common/mast/movie/2020/07/28b13bb04063415885a6f55434010365.jpg,도망친 여자.jpg,,,2D,[주연] 김민희(감희) | 서영화 | 송선미 | 김새벽 | 권해효 | 강이서(면접여자)
322,에이미,https://www.kobis.or.kr/common/mast/movie/2020/10/9e16828b7a4041028a15d5338c9ef869.jpg,에이미.jpg,,,"필름,2D",[주연] 에이미 와인하우스 | 마크 론슨 | 피트 도허티
323,"아이, 토냐",https://www.kobis.or.kr/common/mast/movie/2018/02/0fb92dde64214c3db7c2141de116be9c.jpg,"아이, 토냐.jpg",,,2D,[주연] 마고 로비 | 세바스찬 스탠 | 앨리슨 제니 | 보자나 노바코빅
324,킬링 카인드: 킬러의 수제자,https://www.kobis.or.kr/common/mast/movie/2021/11/65018fe631e143b4bb83e49fe18621fb.jpg,킬링 카인드- 킬러의 수제자.jpg,,,2D,[주연] 마이클 키튼(렘브란트) | 매기 큐(안나) | 사무엘 L. 잭슨(무디)
325,너와 파도를 탈 수 있다면,https://www.kobis.or.kr/common/mast/movie/2020/06/b774819723804622bbcba29bd36c27fe.jpg,너와 파도를 탈 수 있다면.jpg,,,2D,[주연] 카타요세 료타 | 카와에이 리나 | 마츠모토 호노카 | 이토 켄타로
326,수상한 교수,https://www.kobis.or.kr/common/mast/movie/2019/08/013a5160093b4aa989cc94185350e8bd.jpg,수상한 교수.jpg,,,2D,[주연] 조니 뎁 | 대니 휴스턴 | 조이 도이치
327,사랑의 선물,https://www.kobis.or.kr/common/mast/movie/2019/08/fd5fc6fb8fa74020afc0a1be858a95b1.jpg,사랑의 선물.jpg,,,2D,[주연] 문영동(김강호) | 김소민 | 김려원(김효심) | 강성용 | 정재영
328,오버 더 펜스,https://www.kobis.or.kr/common/mast/movie/2017/02/e4fc332ad58d4e91b3492ce885914cde.jpg,오버 더 펜스.jpg,,,2D,[주연] 오다기리 조 | 아오이 유우 | 마츠다 쇼타
329,나비잠,https://www.kobis.or.kr/common/mast/movie/2018/09/bd3dcdfea5f44547a1a15bfd21c23d4e.jpg,나비잠.jpg,,,2D,[주연] 나카야마 미호 | 김재욱
330,인 디 아일,https://www.kobis.or.kr/common/mast/movie/2018/11/97ed2a8ccc254b50897b5de0f2c7552b.jpg,인 디 아일.jpg,,,2D,[주연] 프란츠 로고스키 | 산드라 휠러
331,폴라로이드,https://www.kobis.or.kr/common/mast/movie/2015/07/d64228e722ab4a869749a802a6b991b7.jpg,폴라로이드.jpg,,,"필름,2D",[주연] 양범 | 김태용(수호 ) | 정재연
332,량강도 아이들,https://www.kobis.or.kr/upload/up_img/2011/11/mov_B79II2_20111117092305_1.jpg,량강도 아이들.jpg,,,"필름,2D",[주연] 김환영 | 주혜리(꽃분 ) | 이충훈 | 신민규 | 주민수 | 류종화 | 유윤상 | 이석민(상석)
333,캔 유 킵 어 시크릿?,https://www.kobis.or.kr/common/mast/movie/2019/10/7ff2334903b547bca2aa729811432afe.jpg,캔 유 킵 어 시크릿-.jpg,,,2D,[조연] 레버른 콕스(시빌)
334,빛과 철,https://www.kobis.or.kr/common/mast/movie/2021/02/8e2003a09aba4867a061ea33e842c7df.jpg,빛과 철.jpg,,,2D,[주연] 김시은(희주) | 염혜란(영남) | 박지후(은영)
335,세 번째 사랑,https://www.kobis.or.kr/common/mast/movie/2015/09/6a11027ce2ff47e890c1020dff10a9fa.jpg,세 번째 사랑.jpg,,,"필름,2D",[주연] 폴 지아마티 | 로자문드 파이크 | 더스틴 호프만
336,배드 사마리안,https://www.kobis.or.kr/common/mast/movie/2018/10/b1a398b0ae404df588cb16a1b436b29d.jpg,배드 사마리안.jpg,,,2D,[주연] 데이비드 테넌트(칼 에렌드리히) | 로버트 시한(션 팔코)
337,안티고네,https://www.kobis.or.kr/common/mast/movie/2020/10/ef757a2d4816467e9304c052ae9a4c48.jpg,안티고네.jpg,,,2D,[주연] 나에마 리치 | 안토니 데스로체 | 폴 듀셋
338,신문기자,https://www.kobis.or.kr/common/mast/movie/2019/09/ce6f14a00f5a4c7d813cc7dfc95dcf33.jpg,신문기자.jpg,,,2D,[주연] 심은경 | 마츠자카 토리
339,사랑은 비가 갠 뒤처럼,https://www.kobis.or.kr/common/mast/movie/2019/01/06affbe798a64998bfe354fd7abf2271.jpg,사랑은 비가 갠 뒤처럼.jpg,,,2D,[주연] 고마츠 나나 | 오오이즈미 요
340,눈발,https://www.kobis.or.kr/common/mast/movie/2017/02/a04e5d4a0f7d457bb9328093de030850.jpg,눈발.jpg,,,2D,[주연] 진영 | 지우(예주) | 박진영(민식)
341,나의 어머니,https://www.kobis.or.kr/common/mast/movie/2015/08/40b9850b28ea41db836bb288bac2705c.jpg,나의 어머니.jpg,,,"필름,2D",[주연] 마르게리타 부이 | 존 터투로 | 난니 모레티
342,타이페이 카페 스토리,https://www.kobis.or.kr/upload/up_img/2011/06/mov_C36752_20110615093351_1.jpg,타이페이 카페 스토리.jpg,,,"필름,2D",[주연] 임진희(조시) | 계륜미(도리스)
343,테라 3D: 인류 최후의 전쟁,https://www.kobis.or.kr/common/mast/movie/2011/12/cb9529b1a19f4f76880524f475418c64.jpg,테라 3D- 인류 최후의 전쟁.jpg,,,"필름,2D",[주연] 채드 앨런 | 로잔나 아퀘트
344,글로리아 벨,https://www.kobis.or.kr/common/mast/movie/2019/05/d9da9c78ea8a4128996f8947590893f2.jpg,글로리아 벨.jpg,,,2D,[주연] 줄리안 무어 | 존 터투로 | 숀 애스틴 | 마이클 세라
345,"미안해, 고마워",https://www.kobis.or.kr/upload/up_img/2011/05/mov_H6FC24_20110506103157_1.jpg,"미안해, 고마워.jpg",,,"필름,2D",[주연] 남명렬 | 최정인(혜원) | 서태화 | 전국환(아버지) | 문정희 | 김수안(보은) | 김학선(부동산남) | 안서현(린이) | 천보근(초딩 민준) | 고준(변호사) | 김영민(영진)
346,노라 없는 5일,https://www.kobis.or.kr/common/mast/movie/2011/12/d2965d0681b842f68958111bdf781a4d.jpg,노라 없는 5일.jpg,,,"필름,2D",[주연] 페르난도 루한(호세 쿠르츠) | 아리 브리크맨(루벤 쿠르츠) | 안젤리나 페라에즈(파비아나 ) | 막스 켈로우 (랍비 하코위츠) | 베로니카 랑헤르 (레아 쿠르츠) | 엔리크 아레올라 (모이세스 ) | 실비아 마리스칼(노라 쿠르츠)
347,루스 베이더 긴즈버그 : 나는 반대한다,https://www.kobis.or.kr/common/mast/movie/2019/03/5778bc1b706941b49f4b94a0205befc0.jpg,루스 베이더 긴즈버그 - 나는 반대한다.jpg,,,2D,[주연] 루스 베이더 긴즈버그
348,잉글랜드 이즈 마인,https://www.kobis.or.kr/common/mast/movie/2018/06/6e5637bdbfa546af99513687c1000513.jpg,잉글랜드 이즈 마인.jpg,,,2D,[주연] 잭 로던 | 제시카 브라운 핀들레이 | 조디 코머
349,고양이 여행 리포트,https://www.kobis.or.kr/common/mast/movie/2019/04/b2a738bf927b44b89624316baf4cb91b.jpg,고양이 여행 리포트.jpg,,,2D,[주연] 후쿠시 소타 | 타카하타 미츠키 | 다케우치 유코
350,집 이야기,https://www.kobis.or.kr/common/mast/movie/2019/11/20b2d43c24fe456ea00ec3379099cd04.jpg,집 이야기.jpg,,,2D,[주연] 이유영(은서) | 강신일(진철)
351,북간도의 십자가,https://www.kobis.or.kr/common/mast/movie/2019/10/ac1bacef080e444082315f5a41d087d8.jpg,북간도의 십자가.jpg,,,2D,[주연] 문동환(문동환) | 심용환(심용환) | 문성근(음성출연) | 설영범(음성출연) | 박명규(음성출연)
352,데저트 플라워,https://www.kobis.or.kr/upload/up_img/cleansing/71/mov_20100171_3.jpg,데저트 플라워.jpg,,,"필름,2D",[주연]  리야 키비디 (와리스 다리) | 샐리 호킨스(마릴린 )
353,정글북,https://www.kobis.or.kr/common/mast/movie/2017/04/502cd1a9d83e41719e1eefaeef073122.jpg,정글북.jpg,,,2D,
354,어바웃 레이,https://www.kobis.or.kr/common/mast/movie/2016/10/b88afdec6f2d40a3b2c1f7ac6387ed91.jpg,어바웃 레이.jpg,,,2D,[주연] 엘르 패닝 | 나오미 왓츠 | 수잔 서랜든
355,우먼 인 할리우드,https://www.kobis.or.kr/common/mast/movie/2019/10/18debe84b92d4ec5afcdd38a79f89a3e.jpg,우먼 인 할리우드.jpg,,,2D,[주연] 지나 데이비스 | 메릴 스트립 | 나탈리 포트만 | 클로이 모레츠 | 케이트 블란쳇 | 리즈 위더스푼 | 산드라 오 | 제시카 차스테인
356,바다의 노래: 벤과 셀키요정의 비밀,https://www.kobis.or.kr/common/mast/movie/2015/12/d2c6cfe8514c49669557592b43c964df.jpg,바다의 노래- 벤과 셀키요정의 비밀.jpg,,,"필름,2D",
357,신화 라이브 3D 더 레전드 컨티뉴스,https://www.kobis.or.kr/common/mast/movie/2014/11/bd816d2d438f414c9a2a2aa2be405817.jpg,신화 라이브 3D 더 레전드 컨티뉴스.jpg,,,"필름,2D,3D,4D",[주연] 문정혁 | 이민우 | 김동완 | 신혜성 | 전진 | 앤디
358,두 아내,https://www.kobis.or.kr/common/mast/movie/2014/02/673a6508ea5741efa4b48ed5681b481f.jpg,두 아내.jpg,,,"필름,2D",[주연] 박유미 | 고은총(현호)
359,아이언 자이언트,https://www.kobis.or.kr/common/mast/movie/2019/09/d6e4fe5567be4384be19e8762cb7cbf5.jpg,아이언 자이언트.jpg,,,"필름,2D",[주연] 제니퍼 애니스턴(애니) | 빈 디젤(아이언 자이언트) | 정미숙(엄마 목소리) | 유동현(어부 / 켄트 수사관 목소리) | 한호웅(딘 목소리) | 문선희(선생님 목소리)
360,남색대문,https://www.kobis.or.kr/common/mast/movie/2021/08/f1c8fb4190ee408995d88543bde6da4c.jpg,남색대문.jpg,,,"필름,2D",[주연] 계륜미 | 진백림 | 양우림
361,루르드,https://www.kobis.or.kr/upload/up_img/2011/02/mov_8A2JJJ_20110211113647_1.jpg,루르드.jpg,,,"필름,2D",[주연] 실비 테스튀(크리스틴) | 레아 세이두(마리아)
362,재스퍼,https://www.kobis.or.kr/upload/up_img/2011/08/mov_2F5031_20110811180143_1.jpg,재스퍼.jpg,,,"필름,2D",
363,디에고,https://www.kobis.or.kr/common/mast/movie/2019/11/3a47ecd06c3243a0a5572b9aee6f145a.jpg,디에고.jpg,,,2D,[주연] 디에고 아만도 마라도나
364,콰이어트 원,https://www.kobis.or.kr/common/mast/movie/2014/08/49eae9cef5b245e58e291c5799dec325.jpg,콰이어트 원.jpg,,,"필름,2D",[주연] 올리비아 쿡 | 샘 클라플린 | 자레드 해리스
365,천번의 굿나잇,https://www.kobis.or.kr/common/mast/movie/2014/06/6986b894c3b947d199dacb8b3504d907.jpg,천번의 굿나잇.jpg,,,"필름,2D",
366,오만과 편견 그리고 좀비,https://www.kobis.or.kr/common/mast/movie/2016/04/7a459814797b45b2a7942801c7eca800.jpg,오만과 편견 그리고 좀비.jpg,,,2D,[주연] 릴리 제임스 | 샘 라일리 | 잭 휴스턴 | 더글라스 부스 | 맷 스미스 | 벨라 헤스콧
367,마신자 - 빨간 옷 소녀의 저주,https://www.kobis.or.kr/common/mast/movie/2016/06/26d65d1b4a4e4fc1825b5e8cba25f731.jpg,마신자 - 빨간 옷 소녀의 저주.jpg,,,2D,[주연] 황하
368,디올 앤 아이,https://www.kobis.or.kr/common/mast/movie/2015/07/a3be318ecd754605a229e6f3eaccf78e.jpg,디올 앤 아이.jpg,,,"필름,2D",[주연] 라프 시몬스 | 피테르 뮤리에르 | 마리옹 꼬띠아르
369,라플라스의 마녀,https://www.kobis.or.kr/common/mast/movie/2019/04/80107c4e8cb948e28f144a064203be4f.jpg,라플라스의 마녀.jpg,,,2D,[주연] 사쿠라이 쇼 | 히로세 스즈 | 후쿠시 소타 | 타마키 히로시 | 릴리 프랭키
370,메탈리카 스루 더 네버,https://www.kobis.or.kr/common/mast/movie/2013/10/931c2c66fea949a88f547b9b756b8fa7.jpg,메탈리카 스루 더 네버.jpg,,,"필름,2D,3D,IMAX",[주연] 데인 드한(트립) | 제임스 헤필드 | 라스 울리히
371,내 이름은 꾸제트,https://www.kobis.or.kr/common/mast/movie/2017/02/ddef406d1cc54b99b857f9b1f2208fa3.jpg,내 이름은 꾸제트.jpg,,,2D,
372,"좋은 빛, 좋은 공기",https://www.kobis.or.kr/common/mast/movie/2021/04/2d0350a919414052a31f5df625038029.jpg,"좋은 빛, 좋은 공기.jpg",,,2D,[제작] 김민경
373,말괄량이 마녀 로비와 숲 속 친구들,https://www.kobis.or.kr/common/mast/movie/2017/10/36b4f70107104ccc9239286699be8110.jpg,말괄량이 마녀 로비와 숲 속 친구들.jpg,,,2D,
374,쉐프,https://www.kobis.or.kr/common/mast/movie/2013/05/4cc77963512e4b1eb8579378b02ce91b.jpg,쉐프.jpg,,,"필름,2D",[주연] 장 르노 | 마카엘 윤
375,엘리노어 릭비: 그 남자,https://www.kobis.or.kr/common/mast/movie/2015/03/40b8c341260f4ee89b420ca807babf32.jpg,엘리노어 릭비- 그 남자.jpg,,,2D,[주연] 제임스 맥어보이 | 제시카 차스테인
376,두 번째 스물,https://www.kobis.or.kr/common/mast/movie/2016/10/3a21cc6cb0f0426189663b8f004fbfe7.jpg,두 번째 스물.jpg,,,2D,[주연] 김승우(강민구) | 이태란(강민하)
377,영웅: 천하의 시작,https://www.kobis.or.kr/common/mast/movie/2014/06/57f5c9fcc07c415ab33738e681529da4.png,영웅- 천하의 시작.jpg,,,"필름,2D",[주연] 이연걸 | 양조위 | 장만옥 | 장쯔이 | 견자단
378,리바이어던,https://www.kobis.or.kr/common/mast/movie/2015/03/064623723b484ae0877f51649ec2d257.jpg,리바이어던.jpg,,,"필름,2D",[주연] 알렉세이 세레브리야코프 | 엘레나 리야도바
379,위선자들,https://www.kobis.or.kr/common/mast/movie/2015/11/0a8f5bd68f9b49a7a992670f34eefa86.jpg,위선자들.jpg,,,2D,[주연] 권민중 | 김정균 | 장두이 | 최할리 | 신소미 | 경준 | 송은진 | 주연서
380,잃어버린 얼굴 1895,https://www.kobis.or.kr/common/mast/movie/2021/02/e8292d95cd3842adbba87020ff806963.jpg,잃어버린 얼굴 1895.jpg,,,2D,[주연] 차지연(명성황후/민자영) | 김용한(고종) | 최정수(민영익) | 강상준(김옥균) | 신상언(휘) | 김건혜(선화) | 금승훈(대원군) | 고미경(진령군)
381,킬 미 달링,https://www.kobis.or.kr/common/mast/movie/2015/12/f0fb0f7605c541968e8ee1b9b412f6e6.jpg,킬 미 달링.jpg,,,2D,[주연] 제로엔 반 코닝스부르헤 | 조지나 버밴
382,악셀,https://www.kobis.or.kr/common/mast/movie/2018/02/f340bb98e4824ac5a5657fa9e06bb944.jpg,악셀.jpg,,,2D,
383,부니베어: 브램블의 신비한 모험,https://www.kobis.or.kr/common/mast/movie/2017/04/0e4538b9284342929a55d35d20fb3961.jpg,부니베어- 브램블의 신비한 모험.jpg,,,2D,[주연] 박상훈(브램블 목소리) | 홍진욱(브라이어 목소리) | 윤세웅(로거빅 목소리) | 임채헌(티키 목소리)
384,슈퍼노바,https://www.kobis.or.kr/common/mast/movie/2021/04/46ced84ef478411581036a5188c304d3.jpg,슈퍼노바.jpg,,,2D,[주연] 콜린 퍼스(샘) | 스탠리 투치(터스커)
385,"제자도 - 제자,옥한흠2",https://www.kobis.or.kr/common/mast/movie/2016/10/0780c0ea068b4e3989414947a75179cb.jpg,"제자도 - 제자,옥한흠2.jpg",,,2D,[주연] 권오중 | 옥한흠
386,콜렉션,https://www.kobis.or.kr/common/mast/movie/2013/03/f7ccf8b8512343489492f0ff825bdd5e.jpg,콜렉션.jpg,,,"필름,2D",[주연] 조시 스튜어트 | 섀넌 케인 | 크리스토퍼 맥도날드 | 리 터제슨
387,69세,https://www.kobis.or.kr/common/mast/movie/2020/08/205080f42fdf44f085975e6be4a90396.jpg,69세.jpg,,,2D,[주연] 예수정(심효정) | 기주봉(남동인)
388,꼬마 자전거 스피디,https://www.kobis.or.kr/common/mast/movie/2019/10/963ff86ca09e49608b0d3f9d5b3ebfd0.jpg,꼬마 자전거 스피디.jpg,,,2D,
389,아틱,https://www.kobis.or.kr/common/mast/movie/2021/03/eb63d960bac9488b9d630b3bfe72c864.jpg,아틱.jpg,,,2D,[주연] 매즈 미켈슨 | 마리아 셀마 사라도티르
390,드래곤 프린세스,https://www.kobis.or.kr/common/mast/movie/2018/06/c6ac70a507124f7e9ca0499cc570f3c8.jpg,드래곤 프린세스.jpg,,,2D,
391,리틀 포레스트: 여름과 가을,https://www.kobis.or.kr/common/mast/movie/2015/01/e5ee852274ee4d8384bc22cea00c3619.jpg,리틀 포레스트- 여름과 가을.jpg,,,"필름,2D",[주연] 하시모토 아이 | 마츠오카 마유
392,마이 리틀 포니: 레인보우 로드 트립,https://www.kobis.or.kr/common/mast/movie/2020/08/9a9eb2e188a94dc397db2d5a14feb61c.jpg,마이 리틀 포니- 레인보우 로드 트립.jpg,,,2D,[주연] 박지윤 | 이영란 | 김율 | 여민정 | 조경이 | 박소라
393,배틀 스쿨,https://www.kobis.or.kr/common/mast/movie/2018/11/e7b03f52ca4544f4a38c08ff9f537eca.jpg,배틀 스쿨.jpg,,,2D,
394,고래를 찾는 자전거,https://www.kobis.or.kr/upload/up_img/2011/09/mov_1GJCAD_20110906081430_1.jpg,고래를 찾는 자전거.jpg,,,"필름,2D",[주연] 이채영(영채  ) | 이슬기(은하) | 이문식(덕수) | 박지빈(은철)
395,드림팀,https://www.kobis.or.kr/common/mast/movie/2013/01/8bef4363f3a84056af6a08060601e2cc.jpg,드림팀.jpg,,,"필름,2D",[주연] 오마 사이(웨케 엔도고) | 호세 가르시아 | 가드 엘마레 | 조이 스타 | 프랑크 두보슥 | 람지 베디아
396,한 번도 안 해본 여자,https://www.kobis.or.kr/common/mast/movie/2014/01/da551967394142a5808a57d4f8a8a324.jpg,한 번도 안 해본 여자.jpg,,,"필름,2D,3D",[주연] 황우슬혜(권말희) | 사희(세영) | 김진우(우상우) | 민성욱(김도연 ) | 김종석(한남철) | 오민석(강기태) | 김사희(홍세영)
397,갱,https://www.kobis.or.kr/common/mast/movie/2019/11/a9ea1fb0971a4c4aad12cf2df8c0d7cf.jpg,갱.jpg,,,2D,[주연] 차지혁(지훈) | 옥윤중(용식) | 백재민(창식) | 김대한(기태) | 이정현(핫도그) | 조선기(대호)
398,테스와 보낸 여름,https://www.kobis.or.kr/common/mast/movie/2020/08/efd3134f0bcf425f9dac97622c7ced33.jpg,테스와 보낸 여름.jpg,,,2D,[주연] 소니 코프스 판 우테렌 | 조세핀 아렌센 | 트에보 게리츠마 | 제니퍼 호프만
399,라스트 엑소시즘: 잠들지 않는 영혼,https://www.kobis.or.kr/common/mast/movie/2013/06/9f6b7d29658e4579a1bed1d5d2f22879.jpg,라스트 엑소시즘- 잠들지 않는 영혼.jpg,,,"필름,2D",[주연] 애슐리 벨 | 앤드류 센세닉
400,라임크라임,https://www.kobis.or.kr/common/mast/movie/2021/11/a06a63dd5cb441f4ab8b41c09aad402d.jpg,라임크라임.jpg,,,2D,[주연] 이민우(송주) | 장유상(주연) | 김최용준(상희) | 이시하(호수)
401,클레어의 카메라,https://www.kobis.or.kr/common/mast/movie/2018/04/766c30ef87ac4f75a89b53811dc9e674.jpg,클레어의 카메라.jpg,,,2D,[주연] 이자벨 위페르 | 김민희 | 장미희 | 정진영(나오는 사람들)
402,로보싸커,https://www.kobis.or.kr/common/mast/movie/2014/06/ad65e36c821044309ac7bed9a243138d.jpg,로보싸커.jpg,,,"필름,2D",[주연] 임주현
403,우먼 인 블랙: 죽음의 천사,https://www.kobis.or.kr/common/mast/movie/2015/08/8fe6050be0f745a89299ce67174247ef.jpg,우먼 인 블랙- 죽음의 천사.jpg,,,"필름,2D",[주연] 피비 폭스 | 제레미 어바인 | 헬렌 맥크로리
404,카일라스 가는 길,https://www.kobis.or.kr/common/mast/movie/2020/08/eb99f29a77a947a08e5769dce5b5362d.jpg,카일라스 가는 길.jpg,,,2D,[프로듀서] 정명숙
405,발명왕 볼트,https://www.kobis.or.kr/common/mast/movie/2019/08/aed6d69197d64c3e9c177c1e9a734f80.jpg,발명왕 볼트.jpg,,,2D,
406,극장판 프리즘스톤 올스타 셀렉션,https://www.kobis.or.kr/common/mast/movie/2016/06/fd088965c0994a54931312e455be8ed2.jpg,극장판 프리즘스톤 올스타 셀렉션.jpg,,,2D,[제작] 김영두(총괄지휘)
407,메이크 유어 무브,https://www.kobis.or.kr/common/mast/movie/2014/03/d2b92f19720145c39805b55b4ba76c9e.jpg,메이크 유어 무브.jpg,,,"필름,2D,3D",[주연] 보아(아야) | 데릭 허프(도니) | 웨슬리 조나단(닉) | 윌 윤 리(카즈)
408,러브 인 비즈니스클래스,https://www.kobis.or.kr/common/mast/movie/2014/02/331a4a84cd3c4d16a2051290e2d22712.jpg,러브 인 비즈니스클래스.jpg,,,"필름,2D",[주연] 루디빈 사니에 | 니콜라스 베도스 | 조나단 코헨
409,아기 거북 토토의 바다 대모험,https://www.kobis.or.kr/common/mast/movie/2012/12/07596a0fd3dc4fc48c1044c1b6414277.1,아기 거북 토토의 바다 대모험.jpg,,,"필름,2D",
410,"페어웰, 마이 퀸",https://www.kobis.or.kr/common/mast/movie/2013/11/c32f0d98d8534aa1b4e656efa1f2fb31.jpg,"페어웰, 마이 퀸.jpg",,,"필름,2D",[주연] 다이앤 크루거 | 레아 세이두
411,썸머 85,https://www.kobis.or.kr/common/mast/movie/2020/11/a0eb30ccbd3a47559b5f93440a089655.jpg,썸머 85.jpg,,,2D,[주연] 펠릭스 르페브르 | 벤자민 부아쟁
412,어폴로지,https://www.kobis.or.kr/common/mast/movie/2017/02/fbe77abae6134d58ad40ed858244f1ec.jpg,어폴로지.jpg,,,2D,[주연] 차오 | 아델라
413,매직 스쿨: 초보마법사 아우라의 대모험,https://www.kobis.or.kr/common/mast/movie/2021/09/3254c5bb776e4bbd98ee7219e2b153b7.jpg,매직 스쿨- 초보마법사 아우라의 대모험.jpg,,,2D,
414,쿵푸 보이,https://www.kobis.or.kr/common/mast/movie/2019/09/a7c7016af5e8478c885f6eda2909cfd8.jpg,쿵푸 보이.jpg,,,2D,
415,디어 한나,https://www.kobis.or.kr/common/mast/movie/2012/03/91116211a95f480f9e38b771d4fc4617.jpg,디어 한나.jpg,,,"필름,2D",[주연] 피터 뮬란(조셉) | 올리비아 콜맨(한나) | 에디 마산
416,불타는 내 마음,https://www.kobis.or.kr/upload/up_img/cleansing/60/mov_20100060_6.jpg,불타는 내 마음.jpg,,,필름,[주연] 최요한(병열 ) | 김미희
417,엘리노어 릭비: 그 여자,https://www.kobis.or.kr/common/mast/movie/2015/03/862237eae54f4df5b9e586d0822b1a41.jpg,엘리노어 릭비- 그 여자.jpg,,,2D,[주연] 제시카 차스테인 | 제임스 맥어보이
418,리지,https://www.kobis.or.kr/common/mast/movie/2018/12/877458022bc9471484f5d21d67fe1dad.jpg,리지.jpg,,,2D,[주연] 크리스틴 스튜어트(브리짓) | 클로에 세비니(리지)
419,필름스타 인 리버풀,https://www.kobis.or.kr/common/mast/movie/2018/09/753d69bfad20457b84e1216b6b793ce9.jpg,필름스타 인 리버풀.jpg,,,2D,[주연] 아네트 베닝 | 제이미 벨 | 줄리 월터스 | 바네사 레드그레이브 | 스티븐 그레이엄
420,나의 사적인 여자친구,https://www.kobis.or.kr/common/mast/movie/2014/12/6d645a57222442e8b3b906770994165b.jpg,나의 사적인 여자친구.jpg,,,"필름,2D",[주연] 로맹 뒤리스 | 아나이스 드무스티에 | 라파엘 페르소나즈
421,야간비행,https://www.kobis.or.kr/common/mast/movie/2014/08/7913338062d44d77be8e0373ce687c81.jpg,야간비행.jpg,,,"필름,2D",[주연] 곽시양(용주) | 이재준(기웅) | 최준하(기택) | 김창환(성진) | 이익준(준우)
422,사랑과 음악사이,https://www.kobis.or.kr/common/mast/movie/2016/03/a8ea69ca44d94b6084683144cea02ebf.jpg,사랑과 음악사이.jpg,,,2D,[주연] 레베카 홀 | 제이슨 서디키스 | 다이아나 애그론
423,드래곤 기사단,https://www.kobis.or.kr/common/mast/movie/2014/03/f48c7b75ac6a47a990d223b89e2a00c7.jpg,드래곤 기사단.jpg,,,"필름,2D",
424,요가학원 : 죽음의 쿤달리니,https://www.kobis.or.kr/common/mast/movie/2020/11/51f2a2ff293f47baa9598298e335f385.jpg,요가학원 - 죽음의 쿤달리니.jpg,,,2D,[주연] 이채영(효정) | 최철호(성민) | 조정민(미연) | 간미연(보라)
425,러빙,https://www.kobis.or.kr/common/mast/movie/2017/03/4402b475ac0e48e7a1efe02058688b2e.jpg,러빙.jpg,,,2D,[주연] 조엘 에저튼(리차드 러빙 역) | 루스 네가(밀드레드 역) | 마이클 섀넌(그레이 빌렛 역) | 마튼 초카스(셰리프 브룩스 역) | 빌 캠프(프랭크 비즐리 역) | 데이빗 젠슨(판사 바질 역)
426,타인의 친절,https://www.kobis.or.kr/common/mast/movie/2021/04/6fda294b402d440aa366683fa97fe763.jpg,타인의 친절.jpg,,,2D,[주연] 조 카잔(클라라) | 타하르 라힘(마크) | 빌 나이(티모피) | 안드레아 라이즈보로(앨리스) | 케일럽 랜드리 존스(제프) | 제이 바루첼(존 피터)
427,어웨이 위 고,https://www.kobis.or.kr/upload/up_img/cleansing/26/mov_20100026_3.jpg,어웨이 위 고.jpg,,,"필름,2D",[주연] 존 크래신스키 | 존 크래신스키
428,보리 vs 매켄로,https://www.kobis.or.kr/common/mast/movie/2018/04/00e89981754a470ba187d8073d58f2f9.jpg,보리 vs 매켄로.jpg,,,2D,[주연] 스베리르 구드나손(비외른 보리) | 샤이아 라보프(존 매켄로) | 스텔란 스카스가드(레나트 베렐린)
429,슬로우 웨스트,https://www.kobis.or.kr/common/mast/movie/2015/10/4053845829394c0e974e97c0dbe53467.jpg,슬로우 웨스트.jpg,,,"필름,2D",[주연] 마이클 패스벤더 | 벤 멘델슨
430,잊혀진 가방,https://www.kobis.or.kr/upload/up_img/cleansing/37/mov_20100737_3.jpg,잊혀진 가방.jpg,,,"필름,2D",[주연] 이현우  | 권오중
431,슈퍼 레이스,https://www.kobis.or.kr/common/mast/movie/2020/07/9a2bf0ae565d4ad386e84bcbef4217a8.jpg,슈퍼 레이스.jpg,,,2D,[주연] 이명호(프랭키) | 서반석(잭) | 홍수정(찰리) | 박상우(피어스) | 석승훈(척)
432,경계도시 2,https://www.kobis.or.kr/upload/up_img/cleansing/10/mov_20090610_8.jpg,경계도시 2.jpg,,,"필름,2D",[주연] 홍형숙(narration)
433,새벽을 알리는 루의 노래,https://www.kobis.or.kr/common/mast/movie/2018/01/5548a8e9881049f3bf20e2acd31e9955.jpg,새벽을 알리는 루의 노래.jpg,,,2D,[주연] 타니 카논 | 시모다 쇼타 | 에모토 아키라 | 사이토 소마
434,노스페이스,https://www.kobis.or.kr/upload/up_img/cleansing/98/mov_20100298_3.jpg,노스페이스.jpg,,,"필름,2D",[주연] 벤노 퓨어만 | 플로리안 루카스
435,러브리스,https://www.kobis.or.kr/common/mast/movie/2019/04/2265aeceee3d47aead595e97dfbef93d.jpg,러브리스.jpg,,,2D,[주연] 마리아나 스피바크 | 알렉세이 로진 | 마트베이 노비코프
436,아주 긴 변명,https://www.kobis.or.kr/common/mast/movie/2017/01/7a29f3969558495381b02624d6d8973a.jpg,아주 긴 변명.jpg,,,2D,[주연] 모토키 마사히로 | 후카츠 에리 | 쿠로키 하루 | 이케마츠 소스케
437,프리 스테이트,https://www.kobis.or.kr/common/mast/movie/2018/02/e60e39be238d4afea624f67bff1eb271.jpg,프리 스테이트.jpg,,,2D,[주연] 매튜 매커너히 | 케리 러셀 | 구구 바샤-로
438,잇 컴스 앳 나잇,https://www.kobis.or.kr/common/mast/movie/2017/09/ec5d4d51a17b46d2881ab49a1982a48f.jpg,잇 컴스 앳 나잇.jpg,,,2D,[주연] 조엘 에저튼 | 라일리 코프 | 크리스토퍼 애봇
439,쓰리,https://www.kobis.or.kr/upload/up_img/2011/09/mov_FGA733_20110927083301_1.jpg,쓰리.jpg,,,"필름,2D",[주연] 데비드 스트리에소브 | 세바스티안 쉬페 | 소피 로이스
440,부니베어: 원시시대 대모험,https://www.kobis.or.kr/common/mast/movie/2020/09/331d00624fe2442d9f0d5587eae6ab43.jpg,부니베어- 원시시대 대모험.jpg,,,2D,[주연] 박성영 | 이승행
441,중독노래방,https://www.kobis.or.kr/common/mast/movie/2017/05/61f86082ffde4078aed6fa612ef5cc2c.jpg,중독노래방.jpg,,,2D,[주연] 이문식(성욱) | 배소은(하숙) | 김나미(나주) | 방준호(점박이)
442,씨 피버,https://www.kobis.or.kr/common/mast/movie/2020/04/2b739f3e964649b59f24227facdf3b06.jpg,씨 피버.jpg,,,2D,[주연] 헤르미온느 코필드 | 코니 닐슨 | 아르달란 에스마일리 | 잭 히키
443,연애의 기술,https://www.kobis.or.kr/common/mast/movie/2013/09/775c679d2506485faa927ba0230818f0.jpg,연애의 기술.jpg,,,"필름,2D",[주연] 홍수아 | 서지석 | 한수아 | 주아성
444,뷰티플 마인드,https://www.kobis.or.kr/common/mast/movie/2019/04/cdce335fd98546e3b7d062731fc90d24.jpg,뷰티플 마인드.jpg,,,2D,[주연] 김민주 | 김수진(뷰티플마인드 오케스트라 단원) | 김수진(뷰티플마인드 뮤직 아카데미 학생들) | 김태욱(뷰티플마인드 오케스트라 단원) | 김유선(뮤직 아카데미 선생님들/가야금) | 서정실 | 김원우(뮤직 아카데미 학생들(트럼본)) | 김승태(뮤직 아카데미 학생들(클라리넷)) | 엄희준(뮤직 아카데미 학생들(클라리넷)) | 심환 | 허지연 | 김건호 | 임하준
445,극장판 오소마츠 6쌍둥이,https://www.kobis.or.kr/common/mast/movie/2019/06/16ca0109076e4649a0b970a9572b9f79.jpg,극장판 오소마츠 6쌍둥이.jpg,,,2D,[주연] 신용우(오소마츠 한국어 목소리) | 권창욱(카라마츠 한국어 목소리) | 이호산(쵸로마츠 한국어 목소리) | 황창영(이치마츠 한국어 목소리) | 최승훈(쥬시마츠 한국어 목소리) | 김혜성(토도마츠 한국어 목소리)
446,킹 오브 프리즘 –샤이니 세븐 스타즈- II 카케루x조지x미나토,https://www.kobis.or.kr/common/mast/movie/2019/03/c1974acbcfe047088aa701309ddf623e.jpg,킹 오브 프리즘 –샤이니 세븐 스타즈- II 카케루x조지x미나토.jpg,,,2D,
447,앨리스: 원더랜드에서 온 소년,https://www.kobis.or.kr/common/mast/movie/2015/11/e751b6e29cfd47ddafb29c87f13de407.jpg,앨리스- 원더랜드에서 온 소년.jpg,,,"필름,2D",[주연] 홍종현(환) | 정소민(혜중) | 정연주(수련) | 박현숙(순미(고모))
448,마카담 스토리,https://www.kobis.or.kr/common/mast/movie/2015/11/1c54f68b0afa4e7c9f9c05f97605c7a9.jpg,마카담 스토리.jpg,,,"필름,2D",[주연] 이자벨 위페르 | 마이클 피트 | 발레리아 브루니 테데스키 | 구스타브 드 케르베른 | 타사딧 만디 | 쥴 벤쉬트리
449,유다 그리고 블랙 메시아,https://www.kobis.or.kr/common/mast/movie/2021/03/62408b72c3864082979d1b32a0c98a06.jpg,유다 그리고 블랙 메시아.jpg,,,2D,[주연] 다니엘 칼루야(프레드 햄튼) | 제시 플레먼스 | 마틴 쉰
450,줄리에타,https://www.kobis.or.kr/common/mast/movie/2016/10/101de3feb44148b4abb742394705b92d.jpg,줄리에타.jpg,,,2D,[주연] 엠마 수아레스 | 로시 드 팔마
451,마리 이야기: 손끝의 기적,https://www.kobis.or.kr/common/mast/movie/2015/07/4e6327a945a247ccabde77b47e7fb624.jpg,마리 이야기- 손끝의 기적.jpg,,,"필름,2D",[주연] 이자벨 까레 | 아리아나 리부아
452,파워 오브 도그,https://www.kobis.or.kr/common/mast/movie/2021/10/75b2aa84a0d944239ec52e84bf155444.jpg,파워 오브 도그.jpg,,,2D,[주연] 베네딕트 컴버배치(필) | 커스틴 던스트(로즈) | 제시 플레먼스(조지) | 코디 스밋 맥피(피터) | 프란시스 콘로이 | 키스 캐러딘 | 토마신 맥켄지
453,투 이즈 어 패밀리,https://www.kobis.or.kr/common/mast/movie/2017/09/610062fcacf14958bacbcc4a59723a7e.jpg,투 이즈 어 패밀리.jpg,,,2D,[주연] 오마 사이
454,사물의 비밀,https://www.kobis.or.kr/upload/up_img/2011/10/mov_56E2E1_20111021095941_1.jpg,사물의 비밀.jpg,,,"필름,2D",[주연] 심이영(디카) | 정석원(이우상) | 장서희(이혜정) | 이필모(복사기) | 손지나(횟집녀)
455,엘리펀트킹 덤보,https://www.kobis.or.kr/common/mast/movie/2019/05/2b5fbc0b76034b45b903f43a5dd266f0.jpg,엘리펀트킹 덤보.jpg,,,2D,
456,고령가 소년 살인사건,https://www.kobis.or.kr/common/mast/movie/2017/11/ee42cb4dddaa4599a8c26647047c33f8.jpg,고령가 소년 살인사건.jpg,,,"필름,2D",[주연] 장첸(시아오) | 왕 주안 | 금연령 | 장 구주
457,세인트 주디,https://www.kobis.or.kr/common/mast/movie/2020/07/ebb403046f0a4d70a495cd54cc918983.jpg,세인트 주디.jpg,,,2D,[주연] 미셸 모나한 | 림 루바니 | 커먼 | 알프리드 몰리나 | 알프레 우다드
458,법정스님의 의자,https://www.kobis.or.kr/upload/up_img/2011/04/mov_293C8A_20110421150244_1.jpg,법정스님의 의자.jpg,,,"필름,2D",[주연] 최불암
459,초한지: 영웅의 부활,https://www.kobis.or.kr/common/mast/movie/2013/03/f1f139f9377b481e96e5b4e10b08bb31.jpg,초한지- 영웅의 부활.jpg,,,"필름,2D",[주연] 오언조 | 장첸 | 진람 | 유엽
460,나의 엔젤,https://www.kobis.or.kr/common/mast/movie/2017/09/8ac04757d302441d8a2267113b6d6026.jpg,나의 엔젤.jpg,,,2D,[주연] 플뢰르 제프리어 | 엘리너 로웬손 | 마야 도리
461,극장판 마이 리틀 포니 : 이퀘스트리아 걸스,https://www.kobis.or.kr/common/mast/movie/2017/04/7bcd7087d11f48179c13d5f7d518851c.jpg,극장판 마이 리틀 포니 - 이퀘스트리아 걸스.jpg,,,2D,[주연] 타라 스트롱(트와일라잇 스파클 목소리 역) | 애슐리 볼(애플잭 / 레인보우 대시 목소리 역) | 안드리아 리브먼(핑키파이 / 플러터샤이 목소리 역)
462,마차 타고 고래고래,https://www.kobis.or.kr/common/mast/movie/2017/04/7e8d5725206c470e9a4668cdc6c7268a.jpg,마차 타고 고래고래.jpg,,,2D,[주연] 조한선(호빈) | 박효주 | 김신의(영민) | 한지상 | 김재범
463,아워 바디,https://www.kobis.or.kr/common/mast/movie/2019/08/76c974c4cad143d9829f8c53352860b5.jpg,아워 바디.jpg,,,2D,[주연] 최희서(자영) | 안지혜(현주) | 김정영(자영 모) | 이재인(화영) | 노수산나(민지)
464,완벽한 가족,https://www.kobis.or.kr/common/mast/movie/2020/12/e16468188c924cba8b99bd50b3fd758b.jpg,완벽한 가족.jpg,,,2D,[주연] 수잔 서랜든 | 케이트 윈슬렛 | 미아 와시코브스카 | 샘 닐
465,호랑이보다 무서운 겨울손님,https://www.kobis.or.kr/common/mast/movie/2018/03/180b97f7aa834896be8cc61eae2eed57.jpg,호랑이보다 무서운 겨울손님.jpg,,,2D,[주연] 고현정 | 이진욱(경유)
466,트로이 디렉터스 컷,https://www.kobis.or.kr/common/mast/movie/2020/07/84bac75f4d914a52bf1f9a4c21a62a49.jpg,트로이 디렉터스 컷.jpg,,,2D,[주연] 브래드 피트 | 에릭 바나 | 올랜도 블룸
467,라 붐,https://www.kobis.or.kr/common/mast/movie/2020/05/47e9697af4b145e8bbecceb4a2f22752.jpg,라 붐.jpg,,,"필름,2D","[주연] 소피 마르소(빅 ) | 클로드 브라세(빅의 아빠, 프랑소와) | 브리지트 포세이(빅의 엄마, 프랑소와르 )"
468,마더 데레사의 편지,https://www.kobis.or.kr/common/mast/movie/2014/07/e12cf22ae88640cfbc2da196675007e7.jpg,마더 데레사의 편지.jpg,,,"필름,2D",[주연] 줄리엣 스티븐슨 | 룻거 하우어 | 막스 본 시도우
469,햄릿,https://www.kobis.or.kr/common/mast/movie/2016/10/e74ee6b523de478fa3beff40ee210554.jpg,햄릿.jpg,,,2D,[주연] 베네딕트 컴버배치 | 짐 노튼
470,블리드 포 디스,https://www.kobis.or.kr/common/mast/movie/2017/02/42da73808a954a4f9e6f1bdaa2a9fb14.jpg,블리드 포 디스.jpg,,,2D,[주연] 마일즈 텔러 | 케이티 사갈 | 아론 에크하트
471,프라미싱 영 우먼,https://www.kobis.or.kr/common/mast/movie/2021/02/0c0f8285c663412fbace73b080f1d9af.jpg,프라미싱 영 우먼.jpg,,,2D,[주연] 캐리 멀리건(카산드라 토마스)
472,햄스테드,https://www.kobis.or.kr/common/mast/movie/2018/06/289ff13e5f5145be98cc5c2fba974706.jpg,햄스테드.jpg,,,2D,[주연] 다이안 키튼 | 브렌단 글리슨
473,아메리칸 허니: 방황하는 별의 노래,https://www.kobis.or.kr/common/mast/movie/2017/07/41d60461f0fa493e89d7c017fb9e087f.jpg,아메리칸 허니- 방황하는 별의 노래.jpg,,,2D,[주연] 사샤 레인 | 샤이아 라보프 | 라일리 코프
474,지저귀는 새는 날지 않는다,https://www.kobis.or.kr/common/mast/movie/2020/06/770d31e8a42f4ea6a11c53c3c9b244d3.jpg,지저귀는 새는 날지 않는다.jpg,,,2D,[주연] 신가키 타루스케(야시로) | 하타노 와타루(도메키)
475,러브 매니지먼트,https://www.kobis.or.kr/upload/up_img/cleansing/59/mov_20090859_3.jpg,러브 매니지먼트.jpg,,,필름,[주연] 제니퍼 애니스턴 | 스티브 잔
476,용을 찾아서,https://www.kobis.or.kr/common/mast/movie/2017/01/20ce67a2a26648508d414689fc60a78a.jpg,용을 찾아서.jpg,,,2D,
477,칼릴 지브란의 예언자,https://www.kobis.or.kr/common/mast/movie/2015/08/4c2dc6ce07634909b90c0993728ed4d2.jpg,칼릴 지브란의 예언자.jpg,,,"필름,2D",[주연] 리암 니슨(무스타파 (목소리)) | 셀마 헤이엑(카밀라 (목소리)) | 존 크래신스키(할림 (목소리)) | 쿠벤자네 왈리스(알미트라 (목소리))
478,모스트 바이어런트,https://www.kobis.or.kr/common/mast/movie/2015/03/4f713aef52e243988fb6bb6377f2a52b.jpg,모스트 바이어런트.jpg,,,"필름,2D",[주연] 오스카 아이삭 | 제시카 차스테인
479,엄마의 공책,https://www.kobis.or.kr/common/mast/movie/2018/02/d750312f7271472380fd89138af5294a.jpg,엄마의 공책.jpg,,,2D,[주연] 이주실(애란) | 이종혁(규현)
480,미 투,https://www.kobis.or.kr/upload/up_img/cleansing/64/mov_20100164_3.jpg,미 투.jpg,,,필름,[주연] 롤라 두에냐스 | 파블로 피네다 
481,금의위 : 14 검의 비밀,https://www.kobis.or.kr/common/mast/movie/2012/05/0026156e4c43480ab895d85dbb676b1d.jpg,금의위 - 14 검의 비밀.jpg,,,"필름,2D",[주연] 견자단 | 조미 | 홍금보 | 오존
482,투 아이즈,https://www.kobis.or.kr/upload/up_img/cleansing/31/mov_20100731_3.jpg,투 아이즈.jpg,,,"필름,2D",[주연] 헤드윅 미니스 | 이자벨 스토켈 | 샬롯 아놀디  | 바리 아츠마 
483,경계의 저편 : I'LL BE HERE -미래편-,https://www.kobis.or.kr/common/mast/movie/2015/09/f7344b48a2a042e2b24ba2444d486883.jpg,경계의 저편 - I'LL BE HERE -미래편-.jpg,,,"필름,2D",[주연] 타네다 리사 | 켄 | 치하라 미노리
484,나에게서 온 편지,https://www.kobis.or.kr/common/mast/movie/2013/07/45722f594fc44bd3b1534505cb46a6a7.jpg,나에게서 온 편지.jpg,,,"필름,2D",[주연] 줄리엣 곰버트(라셸) | 안나 르마르샹(발레리) | 아그네스 자우이(콜레트 글라드스타인) | 드니 포달리데스(미섈 글라드스타인) | 이자벨 까레(카테린)
485,오기와 악동들 더 무비,https://www.kobis.or.kr/common/mast/movie/2014/04/5b7a34aa0c4047f886e0073c27ce70e2.jpg,오기와 악동들 더 무비.jpg,,,"필름,2D",[주연] 문남숙(내레이션 )
486,똑딱똑딱 마법의 시계나라,https://www.kobis.or.kr/common/mast/movie/2019/03/96169e6387824858b300915c50f6a698.jpg,똑딱똑딱 마법의 시계나라.jpg,,,2D,[주연] 강은애(애니 목소리) | 박성영(오늘 목소리) | 김보나(여기 목소리) | 서반석(캡틴 클락 목소리) | 이창민(킹베어 목소리) | 고구인(다크 목소리)
487,스트레스 제로,https://www.kobis.or.kr/common/mast/movie/2021/01/e7afbcea27d74da8b6944bb92e336882.jpg,스트레스 제로.jpg,,,2D,"[주연] 임채헌(짱돌) | 유동균(고박사) | 김승태(타조, 비서실장) | 김사라(홍진이) | 전숙경(한숙희, 장영민) | 김영진(최장군) | 임주현(장영재)"
488,바나나쏭의 기적,https://www.kobis.or.kr/common/mast/movie/2018/02/73447d1f38cd4b78bbf1c8de414d2734.jpg,바나나쏭의 기적.jpg,,,2D,[주연] 김재창
489,에스코바르,https://www.kobis.or.kr/common/mast/movie/2018/10/81711c57018b40b7bbbc8261e1d7681c.jpg,에스코바르.jpg,,,2D,[주연] 하비에르 바르뎀 | 페넬로페 크루즈 | 피터 사스가드
490,시소,https://www.kobis.or.kr/common/mast/movie/2016/10/d3f70222350a434d8374b63c57094c84.jpg,시소.jpg,,,2D,[주연] 이동우 | 임재신
491,더블: 달콤한 악몽,https://www.kobis.or.kr/common/mast/movie/2014/09/c4a4130e4ba14878ae57f5c78d48ba56.jpg,더블- 달콤한 악몽.jpg,,,"필름,2D",[주연] 제시 아이젠버그 | 미아 와시코브스카
492,반 고흐: 위대한 유산,https://www.kobis.or.kr/common/mast/movie/2014/09/dcc6acb0de484e53ab581b4297d3e8bb.jpg,반 고흐- 위대한 유산.jpg,,,"필름,2D",[주연] 바리 아츠마 | 예로엔 크라베
493,시리어스 맨,https://www.kobis.or.kr/common/mast/movie/2011/12/689476302fde4f2a9df04045dbad5746.jpg,시리어스 맨.jpg,,,필름,[주연] 마이클 스털버그(래리 고프닉) | 리차드 카인드(아서)
494,내일의 안녕,https://www.kobis.or.kr/common/mast/movie/2017/07/51e31678a01f4c8d9e62bbed26083a81.jpg,내일의 안녕.jpg,,,2D,[주연] 페넬로페 크루즈 | 루이스 토사
495,하이큐!! 또 다른 도전,https://www.kobis.or.kr/common/mast/movie/2020/05/b45da363818e42ba959e1c5ec5c1ab53.jpg,하이큐!! 또 다른 도전.jpg,,,2D,
